Serial,stream,day,inventory_gal_start,inventory_pct_start,pickup_flag,pickup_gal,inventory_gal_after_service,overflow_flag,overflow_slack_gal,threshold_violation_gal
1514021,Bottles/Cans,0,83.48,55.65,1,8.48,75.0,0,0.0,0.0
1514021,Bottles/Cans,1,83.35,55.57,0,0.0,83.35,0,0.0,0.0
1514021,Bottles/Cans,2,91.7,61.13,0,0.0,91.7,0,0.0,0.0
1514021,Bottles/Cans,3,100.04,66.7,0,0.0,100.04,0,0.0,0.0
1514021,Bottles/Cans,4,108.39,72.26,0,0.0,108.39,0,0.0,0.0
1514021,Bottles/Cans,5,116.74,77.83,0,0.0,116.74,0,0.0,0.0
1514021,Bottles/Cans,6,125.09,83.39,0,0.0,125.09,0,0.0,0.0
1515723,Bottles/Cans,0,54.85,36.57,1,0.0,54.85,0,0.0,0.0
1515723,Bottles/Cans,1,60.34,40.23,0,0.0,60.34,0,0.0,0.0
1515723,Bottles/Cans,2,65.82,43.88,0,0.0,65.82,0,0.0,0.0
1515723,Bottles/Cans,3,71.31,47.54,0,0.0,71.31,0,0.0,0.0
1515723,Bottles/Cans,4,76.8,51.2,0,0.0,76.8,0,0.0,0.0
1515723,Bottles/Cans,5,82.28,54.85,0,0.0,82.28,0,0.0,0.0
1515723,Bottles/Cans,6,87.77,58.51,0,0.0,87.77,0,0.0,0.0
1515725,Bottles/Cans,0,60.78,40.52,1,0.0,60.78,0,0.0,0.0
1515725,Bottles/Cans,1,66.86,44.57,0,0.0,66.86,0,0.0,0.0
1515725,Bottles/Cans,2,72.94,48.62,0,0.0,72.94,0,0.0,0.0
1515725,Bottles/Cans,3,79.02,52.68,0,0.0,79.02,0,0.0,0.0
1515725,Bottles/Cans,4,85.09,56.73,0,0.0,85.09,0,0.0,0.0
1515725,Bottles/Cans,5,91.17,60.78,0,0.0,91.17,0,0.0,0.0
1515725,Bottles/Cans,6,97.25,64.83,0,0.0,97.25,0,0.0,0.0
1515726,Bottles/Cans,0,67.21,44.81,1,0.0,67.21,0,0.0,0.0
1515726,Bottles/Cans,1,73.93,49.29,0,0.0,73.93,0,0.0,0.0
1515726,Bottles/Cans,2,80.65,53.77,0,0.0,80.65,0,0.0,0.0
1515726,Bottles/Cans,3,87.37,58.25,0,0.0,87.37,0,0.0,0.0
1515726,Bottles/Cans,4,94.09,62.73,0,0.0,94.09,0,0.0,0.0
1515726,Bottles/Cans,5,100.81,67.21,0,0.0,100.81,0,0.0,0.0
1515726,Bottles/Cans,6,107.54,71.69,0,0.0,107.54,0,0.0,0.0
1515761,Bottles/Cans,0,92.22,61.48,1,17.22,75.0,0,0.0,0.0
1515761,Bottles/Cans,1,84.22,56.15,0,0.0,84.22,0,0.0,0.0
1515761,Bottles/Cans,2,93.44,62.3,0,0.0,93.44,0,0.0,0.0
1515761,Bottles/Cans,3,102.67,68.44,0,0.0,102.67,0,0.0,0.0
1515761,Bottles/Cans,4,111.89,74.59,0,0.0,111.89,0,0.0,0.0
1515761,Bottles/Cans,5,121.11,80.74,0,0.0,121.11,0,0.0,0.0
1515761,Bottles/Cans,6,130.33,86.89,0,0.0,130.33,0,0.0,0.0
1515765,Bottles/Cans,0,129.44,86.29,1,57.1,72.34,0,0.0,0.0
1515765,Bottles/Cans,1,85.28,56.85,0,0.0,85.28,0,0.0,0.0
1515765,Bottles/Cans,2,98.22,65.48,0,0.0,98.22,0,0.0,0.0
1515765,Bottles/Cans,3,111.17,74.11,0,0.0,111.17,0,0.0,0.0
1515765,Bottles/Cans,4,124.11,82.74,0,0.0,124.11,0,0.0,0.0
1515765,Bottles/Cans,5,137.06,91.37,0,0.0,137.06,0,0.0,0.0
1515765,Bottles/Cans,6,150.0,100.0,0,0.0,150.0,0,0.0,0.0
1515766,Bottles/Cans,0,33.23,22.15,1,5.0,28.23,0,0.0,0.0
1515766,Bottles/Cans,1,31.55,21.03,0,0.0,31.55,0,0.0,0.0
1515766,Bottles/Cans,2,34.87,23.25,0,0.0,34.87,0,0.0,0.0
1515766,Bottles/Cans,3,38.2,25.46,0,0.0,38.2,0,0.0,0.0
1515766,Bottles/Cans,4,41.52,27.68,0,0.0,41.52,0,0.0,0.0
1515766,Bottles/Cans,5,44.84,29.89,0,0.0,44.84,0,0.0,0.0
1515766,Bottles/Cans,6,48.16,32.11,0,0.0,48.16,0,0.0,0.0
1515776,Bottles/Cans,0,86.72,57.82,1,11.72,75.0,0,0.0,0.0
1515776,Bottles/Cans,1,83.67,55.78,0,0.0,83.67,0,0.0,0.0
1515776,Bottles/Cans,2,92.34,61.56,0,0.0,92.34,0,0.0,0.0
1515776,Bottles/Cans,3,101.02,67.34,0,0.0,101.02,0,0.0,0.0
1515776,Bottles/Cans,4,109.69,73.13,0,0.0,109.69,0,0.0,0.0
1515776,Bottles/Cans,5,118.36,78.91,0,0.0,118.36,0,0.0,0.0
1515776,Bottles/Cans,6,127.03,84.69,0,0.0,127.03,0,0.0,0.0
2503763,Compostables,0,104.61,69.74,1,29.61,75.0,0,0.0,14.61
2503763,Compostables,1,86.62,57.75,0,0.0,86.62,0,0.0,0.0
2503763,Compostables,2,98.25,65.5,0,0.0,98.25,0,0.0,8.25
2503763,Compostables,3,109.87,73.25,0,0.0,109.87,0,0.0,19.87
2503763,Compostables,4,121.49,81.0,0,0.0,121.49,0,0.0,31.49
2503763,Compostables,5,133.12,88.74,0,0.0,133.12,0,0.0,43.12
2503763,Compostables,6,144.74,96.49,0,0.0,144.74,0,0.0,54.74
1514001,Compostables,0,115.08,76.72,1,40.08,75.0,0,0.0,25.08
1514001,Compostables,1,89.39,59.59,0,0.0,89.39,0,0.0,0.0
1514001,Compostables,2,103.77,69.18,0,0.0,103.77,0,0.0,13.77
1514001,Compostables,3,118.16,78.77,0,0.0,118.16,0,0.0,28.16
1514001,Compostables,4,132.54,88.36,0,0.0,132.54,0,0.0,42.54
1514001,Compostables,5,146.93,97.95,0,0.0,146.93,0,0.0,56.93
1514001,Compostables,6,161.31,107.54,0,0.0,161.31,1,75.0,71.31
1514003,Compostables,0,205.81,137.21,1,134.39,71.42,1,75.0,115.81
1514003,Compostables,1,97.15,64.77,0,0.0,97.15,0,0.0,7.15
1514003,Compostables,2,122.87,81.92,1,75.78,47.09,0,0.0,32.87
1514003,Compostables,3,72.82,48.55,0,0.0,72.82,0,0.0,0.0
1514003,Compostables,4,98.55,65.7,0,0.0,98.55,0,0.0,8.55
1514003,Compostables,5,124.27,82.85,0,0.0,124.27,0,0.0,34.27
1514003,Compostables,6,150.0,100.0,0,0.0,150.0,0,0.0,60.0
1515788,Compostables,0,125.1,83.4,1,50.1,75.0,0,0.0,35.1
1515788,Compostables,1,90.64,60.42,1,18.82,71.81,0,0.0,0.64
1515788,Compostables,2,87.45,58.3,0,0.0,87.45,0,0.0,0.0
1515788,Compostables,3,103.09,68.73,0,0.0,103.09,0,0.0,13.09
1515788,Compostables,4,118.73,79.15,0,0.0,118.73,0,0.0,28.73
1515788,Compostables,5,134.36,89.58,0,0.0,134.36,0,0.0,44.36
1515788,Compostables,6,150.0,100.0,0,0.0,150.0,0,0.0,60.0
1520912,Compostables,0,60.55,40.37,1,0.0,60.55,0,0.0,0.0
1520912,Compostables,1,68.12,45.41,0,0.0,68.12,0,0.0,0.0
1520912,Compostables,2,75.69,50.46,0,0.0,75.69,0,0.0,0.0
1520912,Compostables,3,83.26,55.51,0,0.0,83.26,0,0.0,0.0
1520912,Compostables,4,90.83,60.55,0,0.0,90.83,0,0.0,0.83
1520912,Compostables,5,98.4,65.6,0,0.0,98.4,0,0.0,8.4
1520912,Compostables,6,105.97,70.64,0,0.0,105.97,0,0.0,15.97
1503614,Compostables,0,165.31,110.21,1,90.31,75.0,1,75.0,75.31
1503614,Compostables,1,98.62,65.74,0,0.0,98.62,0,0.0,8.62
1503614,Compostables,2,122.23,81.49,0,0.0,122.23,0,0.0,32.23
1503614,Compostables,3,145.85,97.23,1,70.85,75.0,0,0.0,55.85
1503614,Compostables,4,98.62,65.74,0,0.0,98.62,0,0.0,8.62
1503614,Compostables,5,122.23,81.49,0,0.0,122.23,0,0.0,32.23
1503614,Compostables,6,145.85,97.23,0,0.0,145.85,0,0.0,55.85
1503642,Bottles/Cans,0,52.54,35.03,1,0.0,52.54,0,0.0,0.0
1503642,Bottles/Cans,1,60.05,40.03,0,0.0,60.05,0,0.0,0.0
1503642,Bottles/Cans,2,67.55,45.03,0,0.0,67.55,0,0.0,0.0
1503642,Bottles/Cans,3,75.06,50.04,0,0.0,75.06,0,0.0,0.0
1503642,Bottles/Cans,4,82.56,55.04,0,0.0,82.56,0,0.0,0.0
1503642,Bottles/Cans,5,90.07,60.05,0,0.0,90.07,0,0.0,0.0
1503642,Bottles/Cans,6,97.57,65.05,0,0.0,97.57,0,0.0,0.0
1503651,Compostables,0,84.85,56.57,1,9.85,75.0,0,0.0,0.0
1503651,Compostables,1,87.12,58.08,0,0.0,87.12,0,0.0,0.0
1503651,Compostables,2,99.24,66.16,0,0.0,99.24,0,0.0,9.24
1503651,Compostables,3,111.36,74.24,0,0.0,111.36,0,0.0,21.36
1503651,Compostables,4,123.48,82.32,0,0.0,123.48,0,0.0,33.48
1503651,Compostables,5,135.61,90.4,0,0.0,135.61,0,0.0,45.61
1503651,Compostables,6,147.73,98.48,0,0.0,147.73,0,0.0,57.73
1514004,Compostables,0,76.49,50.99,1,1.49,75.0,0,0.0,0.0
1514004,Compostables,1,85.93,57.28,0,0.0,85.93,0,0.0,0.0
1514004,Compostables,2,96.85,64.57,0,0.0,96.85,0,0.0,6.85
1514004,Compostables,3,107.78,71.85,0,0.0,107.78,0,0.0,17.78
1514004,Compostables,4,118.71,79.14,0,0.0,118.71,0,0.0,28.71
1514004,Compostables,5,129.64,86.42,0,0.0,129.64,0,0.0,39.64
1514004,Compostables,6,140.56,93.71,0,0.0,140.56,0,0.0,50.56
1515716,Compostables,0,102.08,68.05,1,39.58,62.5,0,0.0,12.08
1515716,Compostables,1,77.08,51.39,0,0.0,77.08,0,0.0,0.0
1515716,Compostables,2,91.67,61.11,0,0.0,91.67,0,0.0,1.67
1515716,Compostables,3,106.25,70.83,0,0.0,106.25,0,0.0,16.25
1515716,Compostables,4,120.83,80.56,0,0.0,120.83,0,0.0,30.83
1515716,Compostables,5,135.42,90.28,0,0.0,135.42,0,0.0,45.42
1515716,Compostables,6,150.0,100.0,0,0.0,150.0,0,0.0,60.0
1515722,Bottles/Cans,0,106.39,70.93,1,47.59,58.8,0,0.0,0.0
1515722,Bottles/Cans,1,74.0,49.34,0,0.0,74.0,0,0.0,0.0
1515722,Bottles/Cans,2,89.2,59.47,0,0.0,89.2,0,0.0,0.0
1515722,Bottles/Cans,3,104.4,69.6,0,0.0,104.4,0,0.0,0.0
1515722,Bottles/Cans,4,119.6,79.73,0,0.0,119.6,0,0.0,0.0
1515722,Bottles/Cans,5,134.8,89.87,0,0.0,134.8,0,0.0,0.0
1515722,Bottles/Cans,6,150.0,100.0,0,0.0,150.0,0,0.0,0.0
1515738,Bottles/Cans,0,25.2,16.8,1,0.0,25.2,0,0.0,0.0
1515738,Bottles/Cans,1,28.8,19.2,0,0.0,28.8,0,0.0,0.0
1515738,Bottles/Cans,2,32.4,21.6,0,0.0,32.4,0,0.0,0.0
1515738,Bottles/Cans,3,36.0,24.0,0,0.0,36.0,0,0.0,0.0
1515738,Bottles/Cans,4,39.6,26.4,0,0.0,39.6,0,0.0,0.0
1515738,Bottles/Cans,5,43.21,28.8,0,0.0,43.21,0,0.0,0.0
1515738,Bottles/Cans,6,46.81,31.2,0,0.0,46.81,0,0.0,0.0
1515750,Compostables,0,162.01,108.0,1,104.58,57.42,1,75.0,72.01
1515750,Compostables,1,80.57,53.71,0,0.0,80.57,0,0.0,0.0
1515750,Compostables,2,103.71,69.14,0,0.0,103.71,0,0.0,13.71
1515750,Compostables,3,126.86,84.57,0,0.0,126.86,0,0.0,36.86
1515750,Compostables,4,150.0,100.0,0,0.0,150.0,0,0.0,60.0
1515750,Compostables,5,173.14,115.43,0,0.0,173.14,1,75.0,83.14
1515750,Compostables,6,196.29,130.86,0,0.0,196.29,1,75.0,106.29
1516530,Bottles/Cans,0,77.71,51.81,1,2.71,75.0,0,0.0,0.0
1516530,Bottles/Cans,1,86.1,57.4,0,0.0,86.1,0,0.0,0.0
1516530,Bottles/Cans,2,97.2,64.8,0,0.0,97.2,0,0.0,0.0
1516530,Bottles/Cans,3,108.3,72.2,0,0.0,108.3,0,0.0,0.0
1516530,Bottles/Cans,4,119.41,79.6,0,0.0,119.41,0,0.0,0.0
1516530,Bottles/Cans,5,130.51,87.0,0,0.0,130.51,0,0.0,0.0
1516530,Bottles/Cans,6,141.61,94.41,0,0.0,141.61,0,0.0,0.0
2503767,Waste,0,58.5,39.0,1,0.0,58.5,0,0.0,0.0
2503767,Waste,1,66.86,44.57,0,0.0,66.86,0,0.0,0.0
2503767,Waste,2,75.22,50.15,0,0.0,75.22,0,0.0,0.0
2503767,Waste,3,83.58,55.72,0,0.0,83.58,0,0.0,0.0
2503767,Waste,4,91.93,61.29,0,0.0,91.93,0,0.0,1.93
2503767,Waste,5,100.29,66.86,0,0.0,100.29,0,0.0,10.29
2503767,Waste,6,108.65,72.43,0,0.0,108.65,0,0.0,18.65
1514026,Waste,0,225.0,150.0,1,150.0,75.0,1,75.0,135.0
1514026,Waste,1,117.31,78.21,1,94.25,23.07,0,0.0,27.31
1514026,Waste,2,65.38,43.58,0,0.0,65.38,0,0.0,0.0
1514026,Waste,3,107.69,71.79,0,0.0,107.69,0,0.0,17.69
1514026,Waste,4,150.0,100.0,1,84.62,65.38,0,0.0,60.0
1514026,Waste,5,107.69,71.79,0,0.0,107.69,0,0.0,17.69
1514026,Waste,6,150.0,100.0,0,0.0,150.0,0,0.0,60.0
1514027,Waste,0,104.77,69.85,1,54.54,50.23,0,0.0,14.77
1514027,Waste,1,67.69,45.13,1,5.0,62.69,0,0.0,0.0
1514027,Waste,2,80.15,53.44,0,0.0,80.15,0,0.0,0.0
1514027,Waste,3,97.62,65.08,0,0.0,97.62,0,0.0,7.62
1514027,Waste,4,115.08,76.72,0,0.0,115.08,0,0.0,25.08
1514027,Waste,5,132.54,88.36,0,0.0,132.54,0,0.0,42.54
1514027,Waste,6,150.0,100.0,0,0.0,150.0,0,0.0,60.0
1515674,Waste,0,210.85,140.56,1,150.0,60.85,1,75.0,120.85
1515674,Waste,1,95.99,63.99,0,0.0,95.99,0,0.0,5.99
1515674,Waste,2,131.13,87.42,1,56.13,75.0,0,0.0,41.13
1515674,Waste,3,110.14,73.43,1,65.56,44.58,0,0.0,20.14
1515674,Waste,4,79.72,53.15,0,0.0,79.72,0,0.0,0.0
1515674,Waste,5,114.86,76.57,0,0.0,114.86,0,0.0,24.86
1515674,Waste,6,150.0,100.0,0,0.0,150.0,0,0.0,60.0
1515690,Compostables,0,141.17,94.11,0,0.0,141.17,0,0.0,51.17
1515690,Compostables,1,164.69,109.8,1,132.33,32.36,1,75.0,74.69
1515690,Compostables,2,55.89,37.26,0,0.0,55.89,0,0.0,0.0
1515690,Compostables,3,79.42,52.94,0,0.0,79.42,0,0.0,0.0
1515690,Compostables,4,102.94,68.63,0,0.0,102.94,0,0.0,12.94
1515690,Compostables,5,126.47,84.31,0,0.0,126.47,0,0.0,36.47
1515690,Compostables,6,150.0,100.0,0,0.0,150.0,0,0.0,60.0
1515742,Waste,0,181.72,121.15,0,0.0,181.72,1,75.0,91.72
1515742,Waste,1,212.01,141.34,1,138.45,73.56,1,75.0,122.01
1515742,Waste,2,103.85,69.23,0,0.0,103.85,0,0.0,13.85
1515742,Waste,3,134.14,89.43,0,0.0,134.14,0,0.0,44.14
1515742,Waste,4,164.43,109.62,0,0.0,164.43,1,75.0,74.43
1515742,Waste,5,194.71,129.81,0,0.0,194.71,1,75.0,104.71
1515742,Waste,6,225.0,150.0,0,0.0,225.0,1,75.0,135.0
1515743,Waste,0,193.0,128.67,1,139.5,53.5,1,75.0,103.0
1515743,Waste,1,85.67,57.11,0,0.0,85.67,0,0.0,0.0
1515743,Waste,2,117.83,78.56,0,0.0,117.83,0,0.0,27.83
1515743,Waste,3,150.0,100.0,1,96.5,53.5,0,0.0,60.0
1515743,Waste,4,85.67,57.11,0,0.0,85.67,0,0.0,0.0
1515743,Waste,5,117.83,78.56,0,0.0,117.83,0,0.0,27.83
1515743,Waste,6,150.0,100.0,0,0.0,150.0,0,0.0,60.0
1515784,Compostables,0,150.13,100.09,0,0.0,150.13,1,75.0,60.13
1515784,Compostables,1,175.15,116.77,1,100.16,74.99,1,75.0,85.15
1515784,Compostables,2,100.01,66.68,1,50.1,49.91,0,0.0,10.01
1515784,Compostables,3,74.93,49.96,0,0.0,74.93,0,0.0,0.0
1515784,Compostables,4,99.96,66.64,0,0.0,99.96,0,0.0,9.96
1515784,Compostables,5,124.98,83.32,0,0.0,124.98,0,0.0,34.98
1515784,Compostables,6,150.0,100.0,0,0.0,150.0,0,0.0,60.0
1516554,Waste,0,163.71,109.14,1,150.0,13.71,1,75.0,73.71
1516554,Waste,1,40.99,27.33,0,0.0,40.99,0,0.0,0.0
1516554,Waste,2,68.27,45.52,1,27.41,40.86,0,0.0,0.0
1516554,Waste,3,68.15,45.43,0,0.0,68.15,0,0.0,0.0
1516554,Waste,4,95.43,63.62,0,0.0,95.43,0,0.0,5.43
1516554,Waste,5,122.72,81.81,0,0.0,122.72,0,0.0,32.72
1516554,Waste,6,150.0,100.0,0,0.0,150.0,0,0.0,60.0
2503769,Waste,0,93.95,62.64,0,0.0,93.95,0,0.0,3.95
2503769,Waste,1,109.61,73.07,1,34.61,75.0,0,0.0,19.61
2503769,Waste,2,90.66,60.44,0,0.0,90.66,0,0.0,0.66
2503769,Waste,3,106.32,70.88,0,0.0,106.32,0,0.0,16.32
2503769,Waste,4,121.98,81.32,0,0.0,121.98,0,0.0,31.98
2503769,Waste,5,137.64,91.76,0,0.0,137.64,0,0.0,47.64
2503769,Waste,6,153.29,102.2,0,0.0,153.29,1,75.0,63.29
1503637,Compostables,0,91.91,61.27,0,0.0,91.91,0,0.0,1.91
1503637,Compostables,1,110.29,73.53,0,0.0,110.29,0,0.0,20.29
1503637,Compostables,2,128.67,85.78,1,53.67,75.0,0,0.0,38.67
1503637,Compostables,3,93.38,62.25,0,0.0,93.38,0,0.0,3.38
1503637,Compostables,4,111.76,74.51,0,0.0,111.76,0,0.0,21.76
1503637,Compostables,5,130.15,86.76,0,0.0,130.15,0,0.0,40.15
1503637,Compostables,6,148.53,99.02,0,0.0,148.53,0,0.0,58.53
1520915,Waste,0,145.56,97.04,1,87.22,58.34,0,0.0,55.56
1520915,Waste,1,87.45,58.3,0,0.0,87.45,0,0.0,0.0
1520915,Waste,2,116.56,77.71,0,0.0,116.56,0,0.0,26.56
1520915,Waste,3,145.68,97.12,1,83.01,62.66,0,0.0,55.68
1520915,Waste,4,91.78,61.18,0,0.0,91.78,0,0.0,1.78
1520915,Waste,5,120.89,80.59,0,0.0,120.89,0,0.0,30.89
1520915,Waste,6,150.0,100.0,0,0.0,150.0,0,0.0,60.0
1514031,Waste,0,90.57,60.38,1,90.57,0.0,0,0.0,0.57
1514031,Waste,1,30.19,20.13,0,0.0,30.19,0,0.0,0.0
1514031,Waste,2,60.38,40.25,1,31.13,29.25,0,0.0,0.0
1514031,Waste,3,59.43,39.62,0,0.0,59.43,0,0.0,0.0
1514031,Waste,4,89.62,59.75,0,0.0,89.62,0,0.0,0.0
1514031,Waste,5,119.81,79.87,0,0.0,119.81,0,0.0,29.81
1514031,Waste,6,150.0,100.0,0,0.0,150.0,0,0.0,60.0
1515751,Compostables,0,90.01,60.01,0,0.0,90.01,0,0.0,0.01
1515751,Compostables,1,120.01,80.01,1,45.01,75.0,0,0.0,30.01
1515751,Compostables,2,105.0,70.0,1,75.02,29.99,0,0.0,15.0
1515751,Compostables,3,59.99,39.99,0,0.0,59.99,0,0.0,0.0
1515751,Compostables,4,89.99,60.0,0,0.0,89.99,0,0.0,0.0
1515751,Compostables,5,120.0,80.0,0,0.0,120.0,0,0.0,30.0
1515751,Compostables,6,150.0,100.0,0,0.0,150.0,0,0.0,60.0
1503638,Bottles/Cans,0,69.1,46.06,0,0.0,69.1,0,0.0,0.0
1503638,Bottles/Cans,1,80.61,53.74,1,5.61,75.0,0,0.0,0.0
1503638,Bottles/Cans,2,86.52,57.68,0,0.0,86.52,0,0.0,0.0
1503638,Bottles/Cans,3,98.03,65.35,0,0.0,98.03,0,0.0,0.0
1503638,Bottles/Cans,4,109.55,73.03,0,0.0,109.55,0,0.0,0.0
1503638,Bottles/Cans,5,121.06,80.71,0,0.0,121.06,0,0.0,0.0
1503638,Bottles/Cans,6,132.58,88.39,0,0.0,132.58,0,0.0,0.0
1503641,Compostables,0,45.84,30.56,0,0.0,45.84,0,0.0,0.0
1503641,Compostables,1,53.47,35.65,1,0.0,53.47,0,0.0,0.0
1503641,Compostables,2,61.11,40.74,0,0.0,61.11,0,0.0,0.0
1503641,Compostables,3,68.75,45.84,0,0.0,68.75,0,0.0,0.0
1503641,Compostables,4,76.39,50.93,0,0.0,76.39,0,0.0,0.0
1503641,Compostables,5,84.03,56.02,0,0.0,84.03,0,0.0,0.0
1503641,Compostables,6,91.67,61.11,0,0.0,91.67,0,0.0,1.67
1514012,Bottles/Cans,0,76.73,51.15,0,0.0,76.73,0,0.0,0.0
1514012,Bottles/Cans,1,89.52,59.68,1,14.52,75.0,0,0.0,0.0
1514012,Bottles/Cans,2,87.79,58.53,0,0.0,87.79,0,0.0,0.0
1514012,Bottles/Cans,3,100.58,67.05,0,0.0,100.58,0,0.0,0.0
1514012,Bottles/Cans,4,113.37,75.58,0,0.0,113.37,0,0.0,0.0
1514012,Bottles/Cans,5,126.15,84.1,0,0.0,126.15,0,0.0,0.0
1514012,Bottles/Cans,6,138.94,92.63,0,0.0,138.94,0,0.0,0.0
1514013,Bottles/Cans,0,106.16,70.78,0,0.0,106.16,0,0.0,0.0
1514013,Bottles/Cans,1,123.86,82.57,1,62.33,61.53,0,0.0,0.0
1514013,Bottles/Cans,2,79.22,52.82,0,0.0,79.22,0,0.0,0.0
1514013,Bottles/Cans,3,96.92,64.61,0,0.0,96.92,0,0.0,0.0
1514013,Bottles/Cans,4,114.61,76.41,0,0.0,114.61,0,0.0,0.0
1514013,Bottles/Cans,5,132.31,88.2,0,0.0,132.31,0,0.0,0.0
1514013,Bottles/Cans,6,150.0,100.0,0,0.0,150.0,0,0.0,0.0
1514014,Bottles/Cans,0,23.85,15.9,0,0.0,23.85,0,0.0,0.0
1514014,Bottles/Cans,1,27.82,18.55,1,0.0,27.82,0,0.0,0.0
1514014,Bottles/Cans,2,31.8,21.2,0,0.0,31.8,0,0.0,0.0
1514014,Bottles/Cans,3,35.77,23.85,0,0.0,35.77,0,0.0,0.0
1514014,Bottles/Cans,4,39.75,26.5,0,0.0,39.75,0,0.0,0.0
1514014,Bottles/Cans,5,43.72,29.15,0,0.0,43.72,0,0.0,0.0
1514014,Bottles/Cans,6,47.7,31.8,0,0.0,47.7,0,0.0,0.0
1514015,Bottles/Cans,0,42.83,28.56,0,0.0,42.83,0,0.0,0.0
1514015,Bottles/Cans,1,49.97,33.32,1,0.0,49.97,0,0.0,0.0
1514015,Bottles/Cans,2,57.11,38.08,0,0.0,57.11,0,0.0,0.0
1514015,Bottles/Cans,3,64.25,42.83,0,0.0,64.25,0,0.0,0.0
1514015,Bottles/Cans,4,71.39,47.59,0,0.0,71.39,0,0.0,0.0
1514015,Bottles/Cans,5,78.53,52.35,0,0.0,78.53,0,0.0,0.0
1514015,Bottles/Cans,6,85.67,57.11,0,0.0,85.67,0,0.0,0.0
1514018,Bottles/Cans,0,22.88,15.25,0,0.0,22.88,0,0.0,0.0
1514018,Bottles/Cans,1,26.69,17.8,1,0.0,26.69,0,0.0,0.0
1514018,Bottles/Cans,2,30.51,20.34,0,0.0,30.51,0,0.0,0.0
1514018,Bottles/Cans,3,34.32,22.88,0,0.0,34.32,0,0.0,0.0
1514018,Bottles/Cans,4,38.13,25.42,0,0.0,38.13,0,0.0,0.0
1514018,Bottles/Cans,5,41.95,27.96,0,0.0,41.95,0,0.0,0.0
1514018,Bottles/Cans,6,45.76,30.51,0,0.0,45.76,0,0.0,0.0
1514020,Bottles/Cans,0,50.04,33.36,0,0.0,50.04,0,0.0,0.0
1514020,Bottles/Cans,1,58.38,38.92,1,0.0,58.38,0,0.0,0.0
1514020,Bottles/Cans,2,66.72,44.48,0,0.0,66.72,0,0.0,0.0
1514020,Bottles/Cans,3,75.07,50.04,0,0.0,75.07,0,0.0,0.0
1514020,Bottles/Cans,4,83.41,55.6,0,0.0,83.41,0,0.0,0.0
1514020,Bottles/Cans,5,91.75,61.16,0,0.0,91.75,0,0.0,0.0
1514020,Bottles/Cans,6,100.09,66.72,0,0.0,100.09,0,0.0,0.0
1515668,Waste,0,88.26,58.84,1,13.26,75.0,0,0.0,0.0
1515668,Waste,1,89.71,59.81,0,0.0,89.71,0,0.0,0.0
1515668,Waste,2,104.42,69.61,0,0.0,104.42,0,0.0,14.42
1515668,Waste,3,119.13,79.42,0,0.0,119.13,0,0.0,29.13
1515668,Waste,4,133.84,89.23,0,0.0,133.84,0,0.0,43.84
1515668,Waste,5,148.55,99.03,0,0.0,148.55,0,0.0,58.55
1515668,Waste,6,163.26,108.84,0,0.0,163.26,1,75.0,73.26
1515687,Compostables,0,88.23,58.82,0,0.0,88.23,0,0.0,0.0
1515687,Compostables,1,102.94,68.63,1,27.94,75.0,0,0.0,12.94
1515687,Compostables,2,89.71,59.8,0,0.0,89.71,0,0.0,0.0
1515687,Compostables,3,104.41,69.61,0,0.0,104.41,0,0.0,14.41
1515687,Compostables,4,119.12,79.41,0,0.0,119.12,0,0.0,29.12
1515687,Compostables,5,133.82,89.21,0,0.0,133.82,0,0.0,43.82
1515687,Compostables,6,148.53,99.02,0,0.0,148.53,0,0.0,58.53
1515703,Waste,0,45.18,30.12,0,0.0,45.18,0,0.0,0.0
1515703,Waste,1,52.71,35.14,1,0.0,52.71,0,0.0,0.0
1515703,Waste,2,60.24,40.16,0,0.0,60.24,0,0.0,0.0
1515703,Waste,3,67.76,45.18,0,0.0,67.76,0,0.0,0.0
1515703,Waste,4,75.29,50.2,0,0.0,75.29,0,0.0,0.0
1515703,Waste,5,82.82,55.22,0,0.0,82.82,0,0.0,0.0
1515703,Waste,6,90.35,60.24,0,0.0,90.35,0,0.0,0.35
1515712,Compostables,0,22.86,15.24,0,0.0,22.86,0,0.0,0.0
1515712,Compostables,1,26.67,17.78,1,0.0,26.67,0,0.0,0.0
1515712,Compostables,2,30.47,20.32,0,0.0,30.47,0,0.0,0.0
1515712,Compostables,3,34.28,22.86,0,0.0,34.28,0,0.0,0.0
1515712,Compostables,4,38.09,25.4,0,0.0,38.09,0,0.0,0.0
1515712,Compostables,5,41.9,27.94,0,0.0,41.9,0,0.0,0.0
1515712,Compostables,6,45.71,30.47,0,0.0,45.71,0,0.0,0.0
1515727,Bottles/Cans,0,66.66,44.44,0,0.0,66.66,0,0.0,0.0
1515727,Bottles/Cans,1,77.77,51.84,1,2.77,75.0,0,0.0,0.0
1515727,Bottles/Cans,2,86.11,57.41,0,0.0,86.11,0,0.0,0.0
1515727,Bottles/Cans,3,97.22,64.81,0,0.0,97.22,0,0.0,0.0
1515727,Bottles/Cans,4,108.33,72.22,0,0.0,108.33,0,0.0,0.0
1515727,Bottles/Cans,5,119.44,79.63,0,0.0,119.44,0,0.0,0.0
1515727,Bottles/Cans,6,130.55,87.03,0,0.0,130.55,0,0.0,0.0
1515729,Bottles/Cans,0,50.36,33.57,0,0.0,50.36,0,0.0,0.0
1515729,Bottles/Cans,1,58.75,39.17,1,0.0,58.75,0,0.0,0.0
1515729,Bottles/Cans,2,67.14,44.76,0,0.0,67.14,0,0.0,0.0
1515729,Bottles/Cans,3,75.54,50.36,0,0.0,75.54,0,0.0,0.0
1515729,Bottles/Cans,4,83.93,55.95,0,0.0,83.93,0,0.0,0.0
1515729,Bottles/Cans,5,92.32,61.55,0,0.0,92.32,0,0.0,0.0
1515729,Bottles/Cans,6,100.71,67.14,0,0.0,100.71,0,0.0,0.0
1515731,Bottles/Cans,0,66.12,44.08,0,0.0,66.12,0,0.0,0.0
1515731,Bottles/Cans,1,77.14,51.42,1,2.14,75.0,0,0.0,0.0
1515731,Bottles/Cans,2,86.02,57.35,0,0.0,86.02,0,0.0,0.0
1515731,Bottles/Cans,3,97.04,64.69,0,0.0,97.04,0,0.0,0.0
1515731,Bottles/Cans,4,108.06,72.04,0,0.0,108.06,0,0.0,0.0
1515731,Bottles/Cans,5,119.08,79.39,0,0.0,119.08,0,0.0,0.0
1515731,Bottles/Cans,6,130.1,86.73,0,0.0,130.1,0,0.0,0.0
1515734,Bottles/Cans,0,76.36,50.91,0,0.0,76.36,0,0.0,0.0
1515734,Bottles/Cans,1,89.08,59.39,1,14.08,75.0,0,0.0,0.0
1515734,Bottles/Cans,2,87.73,58.48,0,0.0,87.73,0,0.0,0.0
1515734,Bottles/Cans,3,100.45,66.97,0,0.0,100.45,0,0.0,0.0
1515734,Bottles/Cans,4,113.18,75.45,0,0.0,113.18,0,0.0,0.0
1515734,Bottles/Cans,5,125.91,83.94,0,0.0,125.91,0,0.0,0.0
1515734,Bottles/Cans,6,138.63,92.42,0,0.0,138.63,0,0.0,0.0
1515735,Bottles/Cans,0,47.2,31.47,0,0.0,47.2,0,0.0,0.0
1515735,Bottles/Cans,1,55.07,36.71,1,0.0,55.07,0,0.0,0.0
1515735,Bottles/Cans,2,62.94,41.96,0,0.0,62.94,0,0.0,0.0
1515735,Bottles/Cans,3,70.81,47.2,0,0.0,70.81,0,0.0,0.0
1515735,Bottles/Cans,4,78.67,52.45,0,0.0,78.67,0,0.0,0.0
1515735,Bottles/Cans,5,86.54,57.69,0,0.0,86.54,0,0.0,0.0
1515735,Bottles/Cans,6,94.41,62.94,0,0.0,94.41,0,0.0,0.0
1515739,Bottles/Cans,0,139.93,93.29,1,129.87,10.07,0,0.0,0.0
1515739,Bottles/Cans,1,33.39,22.26,0,0.0,33.39,0,0.0,0.0
1515739,Bottles/Cans,2,56.71,37.81,0,0.0,56.71,0,0.0,0.0
1515739,Bottles/Cans,3,80.03,53.36,0,0.0,80.03,0,0.0,0.0
1515739,Bottles/Cans,4,103.36,68.9,0,0.0,103.36,0,0.0,0.0
1515739,Bottles/Cans,5,126.68,84.45,0,0.0,126.68,0,0.0,0.0
1515739,Bottles/Cans,6,150.0,100.0,0,0.0,150.0,0,0.0,0.0
1515740,Bottles/Cans,0,46.83,31.22,0,0.0,46.83,0,0.0,0.0
1515740,Bottles/Cans,1,54.64,36.43,1,0.0,54.64,0,0.0,0.0
1515740,Bottles/Cans,2,62.44,41.63,0,0.0,62.44,0,0.0,0.0
1515740,Bottles/Cans,3,70.25,46.83,0,0.0,70.25,0,0.0,0.0
1515740,Bottles/Cans,4,78.06,52.04,0,0.0,78.06,0,0.0,0.0
1515740,Bottles/Cans,5,85.86,57.24,0,0.0,85.86,0,0.0,0.0
1515740,Bottles/Cans,6,93.67,62.44,0,0.0,93.67,0,0.0,0.0
1515745,Waste,0,77.1,51.4,1,4.21,72.9,0,0.0,0.0
1515745,Waste,1,85.75,57.16,0,0.0,85.75,0,0.0,0.0
1515745,Waste,2,98.6,65.73,0,0.0,98.6,0,0.0,8.6
1515745,Waste,3,111.45,74.3,0,0.0,111.45,0,0.0,21.45
1515745,Waste,4,124.3,82.87,0,0.0,124.3,0,0.0,34.3
1515745,Waste,5,137.15,91.43,0,0.0,137.15,0,0.0,47.15
1515745,Waste,6,150.0,100.0,0,0.0,150.0,0,0.0,60.0
1515748,Compostables,0,33.51,22.34,0,0.0,33.51,0,0.0,0.0
1515748,Compostables,1,39.1,26.07,1,0.0,39.1,0,0.0,0.0
1515748,Compostables,2,44.68,29.79,0,0.0,44.68,0,0.0,0.0
1515748,Compostables,3,50.27,33.51,0,0.0,50.27,0,0.0,0.0
1515748,Compostables,4,55.85,37.24,0,0.0,55.85,0,0.0,0.0
1515748,Compostables,5,61.44,40.96,0,0.0,61.44,0,0.0,0.0
1515748,Compostables,6,67.02,44.68,0,0.0,67.02,0,0.0,0.0
1515757,Compostables,0,44.82,29.88,0,0.0,44.82,0,0.0,0.0
1515757,Compostables,1,52.28,34.86,1,0.0,52.28,0,0.0,0.0
1515757,Compostables,2,59.75,39.84,0,0.0,59.75,0,0.0,0.0
1515757,Compostables,3,67.22,44.82,0,0.0,67.22,0,0.0,0.0
1515757,Compostables,4,74.69,49.79,0,0.0,74.69,0,0.0,0.0
1515757,Compostables,5,82.16,54.77,0,0.0,82.16,0,0.0,0.0
1515757,Compostables,6,89.63,59.75,0,0.0,89.63,0,0.0,0.0
1515760,Bottles/Cans,0,87.53,58.35,0,0.0,87.53,0,0.0,0.0
1515760,Bottles/Cans,1,102.12,68.08,1,27.12,75.0,0,0.0,0.0
1515760,Bottles/Cans,2,89.59,59.73,0,0.0,89.59,0,0.0,0.0
1515760,Bottles/Cans,3,104.18,69.45,0,0.0,104.18,0,0.0,0.0
1515760,Bottles/Cans,4,118.76,79.18,0,0.0,118.76,0,0.0,0.0
1515760,Bottles/Cans,5,133.35,88.9,0,0.0,133.35,0,0.0,0.0
1515760,Bottles/Cans,6,147.94,98.63,0,0.0,147.94,0,0.0,0.0
1515764,Bottles/Cans,0,11.95,7.97,0,0.0,11.95,0,0.0,0.0
1515764,Bottles/Cans,1,13.94,9.3,1,0.0,13.94,0,0.0,0.0
1515764,Bottles/Cans,2,15.93,10.62,0,0.0,15.93,0,0.0,0.0
1515764,Bottles/Cans,3,17.93,11.95,0,0.0,17.93,0,0.0,0.0
1515764,Bottles/Cans,4,19.92,13.28,0,0.0,19.92,0,0.0,0.0
1515764,Bottles/Cans,5,21.91,14.61,0,0.0,21.91,0,0.0,0.0
1515764,Bottles/Cans,6,23.9,15.93,0,0.0,23.9,0,0.0,0.0
1515771,Bottles/Cans,0,18.12,12.08,0,0.0,18.12,0,0.0,0.0
1515771,Bottles/Cans,1,21.14,14.09,1,0.0,21.14,0,0.0,0.0
1515771,Bottles/Cans,2,24.16,16.11,0,0.0,24.16,0,0.0,0.0
1515771,Bottles/Cans,3,27.18,18.12,0,0.0,27.18,0,0.0,0.0
1515771,Bottles/Cans,4,30.2,20.13,0,0.0,30.2,0,0.0,0.0
1515771,Bottles/Cans,5,33.22,22.15,0,0.0,33.22,0,0.0,0.0
1515771,Bottles/Cans,6,36.24,24.16,0,0.0,36.24,0,0.0,0.0
1515773,Bottles/Cans,0,138.33,92.22,1,126.66,11.67,0,0.0,0.0
1515773,Bottles/Cans,1,34.72,23.15,0,0.0,34.72,0,0.0,0.0
1515773,Bottles/Cans,2,57.78,38.52,0,0.0,57.78,0,0.0,0.0
1515773,Bottles/Cans,3,80.83,53.89,0,0.0,80.83,0,0.0,0.0
1515773,Bottles/Cans,4,103.89,69.26,0,0.0,103.89,0,0.0,0.0
1515773,Bottles/Cans,5,126.94,84.63,0,0.0,126.94,0,0.0,0.0
1515773,Bottles/Cans,6,150.0,100.0,0,0.0,150.0,0,0.0,0.0
1515775,Bottles/Cans,0,116.04,77.36,0,0.0,116.04,0,0.0,0.0
1515775,Bottles/Cans,1,135.38,90.26,1,82.08,53.3,0,0.0,0.0
1515775,Bottles/Cans,2,72.64,48.43,0,0.0,72.64,0,0.0,0.0
1515775,Bottles/Cans,3,91.98,61.32,0,0.0,91.98,0,0.0,0.0
1515775,Bottles/Cans,4,111.32,74.21,0,0.0,111.32,0,0.0,0.0
1515775,Bottles/Cans,5,130.66,87.11,0,0.0,130.66,0,0.0,0.0
1515775,Bottles/Cans,6,150.0,100.0,0,0.0,150.0,0,0.0,0.0
1515787,Compostables,0,59.77,39.85,0,0.0,59.77,0,0.0,0.0
1515787,Compostables,1,69.73,46.49,1,0.0,69.73,0,0.0,0.0
1515787,Compostables,2,79.7,53.13,0,0.0,79.7,0,0.0,0.0
1515787,Compostables,3,89.66,59.77,0,0.0,89.66,0,0.0,0.0
1515787,Compostables,4,99.62,66.41,0,0.0,99.62,0,0.0,9.62
1515787,Compostables,5,109.58,73.05,0,0.0,109.58,0,0.0,19.58
1515787,Compostables,6,119.54,79.7,0,0.0,119.54,0,0.0,29.54
1516524,Bottles/Cans,0,44.77,29.85,0,0.0,44.77,0,0.0,0.0
1516524,Bottles/Cans,1,52.24,34.82,1,0.0,52.24,0,0.0,0.0
1516524,Bottles/Cans,2,59.7,39.8,0,0.0,59.7,0,0.0,0.0
1516524,Bottles/Cans,3,67.16,44.77,0,0.0,67.16,0,0.0,0.0
1516524,Bottles/Cans,4,74.62,49.75,0,0.0,74.62,0,0.0,0.0
1516524,Bottles/Cans,5,82.09,54.72,0,0.0,82.09,0,0.0,0.0
1516524,Bottles/Cans,6,89.55,59.7,0,0.0,89.55,0,0.0,0.0
1516532,Bottles/Cans,0,80.23,53.48,0,0.0,80.23,0,0.0,0.0
1516532,Bottles/Cans,1,93.6,62.4,1,18.6,75.0,0,0.0,0.0
1516532,Bottles/Cans,2,88.37,58.91,0,0.0,88.37,0,0.0,0.0
1516532,Bottles/Cans,3,101.74,67.83,0,0.0,101.74,0,0.0,0.0
1516532,Bottles/Cans,4,115.11,76.74,0,0.0,115.11,0,0.0,0.0
1516532,Bottles/Cans,5,128.48,85.66,0,0.0,128.48,0,0.0,0.0
1516532,Bottles/Cans,6,141.86,94.57,0,0.0,141.86,0,0.0,0.0
1516533,Bottles/Cans,0,26.49,17.66,0,0.0,26.49,0,0.0,0.0
1516533,Bottles/Cans,1,30.9,20.6,1,0.0,30.9,0,0.0,0.0
1516533,Bottles/Cans,2,35.31,23.54,0,0.0,35.31,0,0.0,0.0
1516533,Bottles/Cans,3,39.73,26.49,0,0.0,39.73,0,0.0,0.0
1516533,Bottles/Cans,4,44.14,29.43,0,0.0,44.14,0,0.0,0.0
1516533,Bottles/Cans,5,48.56,32.37,0,0.0,48.56,0,0.0,0.0
1516533,Bottles/Cans,6,52.97,35.31,0,0.0,52.97,0,0.0,0.0
1516535,Bottles/Cans,0,70.58,47.05,0,0.0,70.58,0,0.0,0.0
1516535,Bottles/Cans,1,82.34,54.89,1,7.34,75.0,0,0.0,0.0
1516535,Bottles/Cans,2,86.76,57.84,0,0.0,86.76,0,0.0,0.0
1516535,Bottles/Cans,3,98.53,65.68,0,0.0,98.53,0,0.0,0.0
1516535,Bottles/Cans,4,110.29,73.53,0,0.0,110.29,0,0.0,0.0
1516535,Bottles/Cans,5,122.05,81.37,0,0.0,122.05,0,0.0,0.0
1516535,Bottles/Cans,6,133.81,89.21,0,0.0,133.81,0,0.0,0.0
1516538,Compostables,0,54.18,36.12,0,0.0,54.18,0,0.0,0.0
1516538,Compostables,1,63.21,42.14,1,0.0,63.21,0,0.0,0.0
1516538,Compostables,2,72.24,48.16,0,0.0,72.24,0,0.0,0.0
1516538,Compostables,3,81.27,54.18,0,0.0,81.27,0,0.0,0.0
1516538,Compostables,4,90.3,60.2,0,0.0,90.3,0,0.0,0.3
1516538,Compostables,5,99.33,66.22,0,0.0,99.33,0,0.0,9.33
1516538,Compostables,6,108.36,72.24,0,0.0,108.36,0,0.0,18.36
1516543,Compostables,0,78.13,52.09,0,0.0,78.13,0,0.0,0.0
1516543,Compostables,1,91.16,60.77,1,16.16,75.0,0,0.0,1.16
1516543,Compostables,2,88.02,58.68,0,0.0,88.02,0,0.0,0.0
1516543,Compostables,3,101.04,67.36,0,0.0,101.04,0,0.0,11.04
1516543,Compostables,4,114.07,76.04,0,0.0,114.07,0,0.0,24.07
1516543,Compostables,5,127.09,84.73,0,0.0,127.09,0,0.0,37.09
1516543,Compostables,6,140.11,93.41,0,0.0,140.11,0,0.0,50.11
1516556,Waste,0,81.3,54.2,1,12.61,68.7,0,0.0,0.0
1516556,Waste,1,82.25,54.83,0,0.0,82.25,0,0.0,0.0
1516556,Waste,2,95.8,63.86,0,0.0,95.8,0,0.0,5.8
1516556,Waste,3,109.35,72.9,0,0.0,109.35,0,0.0,19.35
1516556,Waste,4,122.9,81.93,0,0.0,122.9,0,0.0,32.9
1516556,Waste,5,136.45,90.97,0,0.0,136.45,0,0.0,46.45
1516556,Waste,6,150.0,100.0,0,0.0,150.0,0,0.0,60.0
1520909,Bottles/Cans,0,49.41,32.94,0,0.0,49.41,0,0.0,0.0
1520909,Bottles/Cans,1,57.65,38.43,1,0.0,57.65,0,0.0,0.0
1520909,Bottles/Cans,2,65.88,43.92,0,0.0,65.88,0,0.0,0.0
1520909,Bottles/Cans,3,74.12,49.41,0,0.0,74.12,0,0.0,0.0
1520909,Bottles/Cans,4,82.35,54.9,0,0.0,82.35,0,0.0,0.0
1520909,Bottles/Cans,5,90.59,60.39,0,0.0,90.59,0,0.0,0.0
1520909,Bottles/Cans,6,98.82,65.88,0,0.0,98.82,0,0.0,0.0
1520925,Compostables,0,16.31,10.87,0,0.0,16.31,0,0.0,0.0
1520925,Compostables,1,19.02,12.68,1,0.0,19.02,0,0.0,0.0
1520925,Compostables,2,21.74,14.49,0,0.0,21.74,0,0.0,0.0
1520925,Compostables,3,24.46,16.31,0,0.0,24.46,0,0.0,0.0
1520925,Compostables,4,27.18,18.12,0,0.0,27.18,0,0.0,0.0
1520925,Compostables,5,29.89,19.93,0,0.0,29.89,0,0.0,0.0
1520925,Compostables,6,32.61,21.74,0,0.0,32.61,0,0.0,0.0
2502339,Bottles/Cans,0,93.94,62.63,0,0.0,93.94,0,0.0,0.0
2502339,Bottles/Cans,1,109.59,73.06,1,37.88,71.72,0,0.0,0.0
2502339,Bottles/Cans,2,87.37,58.25,0,0.0,87.37,0,0.0,0.0
2502339,Bottles/Cans,3,103.03,68.69,0,0.0,103.03,0,0.0,0.0
2502339,Bottles/Cans,4,118.69,79.12,0,0.0,118.69,0,0.0,0.0
2502339,Bottles/Cans,5,134.34,89.56,0,0.0,134.34,0,0.0,0.0
2502339,Bottles/Cans,6,150.0,100.0,0,0.0,150.0,0,0.0,0.0
2503773,Bottles/Cans,0,20.43,13.62,0,0.0,20.43,0,0.0,0.0
2503773,Bottles/Cans,1,23.83,15.89,1,0.0,23.83,0,0.0,0.0
2503773,Bottles/Cans,2,27.24,18.16,0,0.0,27.24,0,0.0,0.0
2503773,Bottles/Cans,3,30.64,20.43,0,0.0,30.64,0,0.0,0.0
2503773,Bottles/Cans,4,34.05,22.7,0,0.0,34.05,0,0.0,0.0
2503773,Bottles/Cans,5,37.45,24.97,0,0.0,37.45,0,0.0,0.0
2503773,Bottles/Cans,6,40.86,27.24,0,0.0,40.86,0,0.0,0.0
2503774,Bottles/Cans,0,65.72,43.82,0,0.0,65.72,0,0.0,0.0
2503774,Bottles/Cans,1,76.68,51.12,1,1.68,75.0,0,0.0,0.0
2503774,Bottles/Cans,2,85.95,57.3,0,0.0,85.95,0,0.0,0.0
2503774,Bottles/Cans,3,96.91,64.61,0,0.0,96.91,0,0.0,0.0
2503774,Bottles/Cans,4,107.86,71.91,0,0.0,107.86,0,0.0,0.0
2503774,Bottles/Cans,5,118.82,79.21,0,0.0,118.82,0,0.0,0.0
2503774,Bottles/Cans,6,129.77,86.51,0,0.0,129.77,0,0.0,0.0
1503621,Waste,0,79.43,52.95,1,24.75,54.68,0,0.0,0.0
1503621,Waste,1,70.57,47.05,0,0.0,70.57,0,0.0,0.0
1503621,Waste,2,86.46,57.64,0,0.0,86.46,0,0.0,0.0
1503621,Waste,3,102.34,68.23,0,0.0,102.34,0,0.0,12.34
1503621,Waste,4,118.23,78.82,0,0.0,118.23,0,0.0,28.23
1503621,Waste,5,134.11,89.41,0,0.0,134.11,0,0.0,44.11
1503621,Waste,6,150.0,100.0,0,0.0,150.0,0,0.0,60.0
1516537,Compostables,0,75.12,50.08,0,0.0,75.12,0,0.0,0.0
1516537,Compostables,1,90.14,60.09,0,0.0,90.14,0,0.0,0.14
1516537,Compostables,2,105.16,70.11,1,105.16,0.0,0,0.0,15.16
1516537,Compostables,3,15.02,10.02,0,0.0,15.02,0,0.0,0.0
1516537,Compostables,4,30.05,20.03,0,0.0,30.05,0,0.0,0.0
1516537,Compostables,5,45.07,30.05,0,0.0,45.07,0,0.0,0.0
1516537,Compostables,6,60.09,40.06,0,0.0,60.09,0,0.0,0.0
1515666,Waste,0,68.04,45.36,0,0.0,68.04,0,0.0,0.0
1515666,Waste,1,90.72,60.48,1,54.13,36.59,0,0.0,0.72
1515666,Waste,2,59.28,39.52,0,0.0,59.28,0,0.0,0.0
1515666,Waste,3,81.96,54.64,0,0.0,81.96,0,0.0,0.0
1515666,Waste,4,104.64,69.76,0,0.0,104.64,0,0.0,14.64
1515666,Waste,5,127.32,84.88,0,0.0,127.32,0,0.0,37.32
1515666,Waste,6,150.0,100.0,0,0.0,150.0,0,0.0,60.0
1515670,Waste,0,85.04,56.69,0,0.0,85.04,0,0.0,0.0
1515670,Waste,1,113.39,75.59,0,0.0,113.39,0,0.0,23.39
1515670,Waste,2,141.73,94.49,1,105.12,36.61,0,0.0,51.73
1515670,Waste,3,64.96,43.31,0,0.0,64.96,0,0.0,0.0
1515670,Waste,4,93.31,62.2,0,0.0,93.31,0,0.0,3.31
1515670,Waste,5,121.65,81.1,0,0.0,121.65,0,0.0,31.65
1515670,Waste,6,150.0,100.0,0,0.0,150.0,0,0.0,60.0
1515704,Waste,0,73.89,49.26,0,0.0,73.89,0,0.0,0.0
1515704,Waste,1,98.52,65.68,0,0.0,98.52,0,0.0,8.52
1515704,Waste,2,123.15,82.1,0,0.0,123.15,0,0.0,33.15
1515704,Waste,3,147.78,98.52,1,72.78,75.0,0,0.0,57.78
1515704,Waste,4,99.63,66.42,0,0.0,99.63,0,0.0,9.63
1515704,Waste,5,124.26,82.84,0,0.0,124.26,0,0.0,34.26
1515704,Waste,6,148.89,99.26,0,0.0,148.89,0,0.0,58.89
1514023,Waste,0,61.95,41.3,0,0.0,61.95,0,0.0,0.0
1514023,Waste,1,92.93,61.95,1,23.58,69.34,0,0.0,2.93
1514023,Waste,2,100.32,66.88,1,25.32,75.0,0,0.0,10.32
1514023,Waste,3,105.98,70.65,0,0.0,105.98,0,0.0,15.98
1514023,Waste,4,136.95,91.3,0,0.0,136.95,0,0.0,46.95
1514023,Waste,5,167.93,111.95,0,0.0,167.93,1,75.0,77.93
1514023,Waste,6,198.9,132.6,0,0.0,198.9,1,75.0,108.9
1515673,Waste,0,85.01,56.67,0,0.0,85.01,0,0.0,0.0
1515673,Waste,1,127.52,85.01,1,105.64,21.88,0,0.0,37.52
1515673,Waste,2,64.39,42.92,0,0.0,64.39,0,0.0,0.0
1515673,Waste,3,106.89,71.26,0,0.0,106.89,0,0.0,16.89
1515673,Waste,4,149.4,99.6,1,84.41,64.99,0,0.0,59.4
1515673,Waste,5,107.49,71.66,0,0.0,107.49,0,0.0,17.49
1515673,Waste,6,150.0,100.0,0,0.0,150.0,0,0.0,60.0
1515680,Waste,0,55.14,36.76,0,0.0,55.14,0,0.0,0.0
1515680,Waste,1,110.28,73.52,0,0.0,110.28,0,0.0,20.28
1515680,Waste,2,165.42,110.28,1,125.7,39.72,1,75.0,75.42
1515680,Waste,3,94.86,63.24,0,0.0,94.86,0,0.0,4.86
1515680,Waste,4,150.0,100.0,1,110.28,39.72,0,0.0,60.0
1515680,Waste,5,94.86,63.24,0,0.0,94.86,0,0.0,4.86
1515680,Waste,6,150.0,100.0,0,0.0,150.0,0,0.0,60.0
1515692,Waste,0,46.7,31.14,0,0.0,46.7,0,0.0,0.0
1515692,Waste,1,93.41,62.27,1,36.81,56.59,0,0.0,3.41
1515692,Waste,2,103.3,68.86,0,0.0,103.3,0,0.0,13.3
1515692,Waste,3,150.0,100.0,1,150.0,0.0,0,0.0,60.0
1515692,Waste,4,46.7,31.14,0,0.0,46.7,0,0.0,0.0
1515692,Waste,5,93.41,62.27,0,0.0,93.41,0,0.0,3.41
1515692,Waste,6,140.11,93.41,0,0.0,140.11,0,0.0,50.11
1515693,Waste,0,48.91,32.6,0,0.0,48.91,0,0.0,0.0
1515693,Waste,1,97.81,65.21,1,45.62,52.19,0,0.0,7.81
1515693,Waste,2,101.09,67.4,0,0.0,101.09,0,0.0,11.09
1515693,Waste,3,150.0,100.0,1,146.72,3.28,0,0.0,60.0
1515693,Waste,4,52.19,34.79,0,0.0,52.19,0,0.0,0.0
1515693,Waste,5,101.09,67.4,0,0.0,101.09,0,0.0,11.09
1515693,Waste,6,150.0,100.0,0,0.0,150.0,0,0.0,60.0
1515696,Waste,0,60.88,40.58,0,0.0,60.88,0,0.0,0.0
1515696,Waste,1,121.75,81.17,1,93.51,28.25,0,0.0,31.75
1515696,Waste,2,89.12,59.42,0,0.0,89.12,0,0.0,0.0
1515696,Waste,3,150.0,100.0,1,150.0,0.0,0,0.0,60.0
1515696,Waste,4,60.88,40.58,1,32.63,28.25,0,0.0,0.0
1515696,Waste,5,89.12,59.42,0,0.0,89.12,0,0.0,0.0
1515696,Waste,6,150.0,100.0,0,0.0,150.0,0,0.0,60.0
1515711,Waste,0,58.33,38.89,0,0.0,58.33,0,0.0,0.0
1515711,Waste,1,116.66,77.77,1,83.32,33.34,0,0.0,26.66
1515711,Waste,2,91.67,61.11,0,0.0,91.67,0,0.0,1.67
1515711,Waste,3,150.0,100.0,1,150.0,0.0,0,0.0,60.0
1515711,Waste,4,58.33,38.89,1,24.99,33.34,0,0.0,0.0
1515711,Waste,5,91.67,61.11,0,0.0,91.67,0,0.0,1.67
1515711,Waste,6,150.0,100.0,0,0.0,150.0,0,0.0,60.0
1515744,Waste,0,49.68,33.12,0,0.0,49.68,0,0.0,0.0
1515744,Waste,1,99.36,66.24,1,98.39,0.97,0,0.0,9.36
1515744,Waste,2,50.64,33.76,0,0.0,50.64,0,0.0,0.0
1515744,Waste,3,100.32,66.88,0,0.0,100.32,0,0.0,10.32
1515744,Waste,4,150.0,100.0,1,99.36,50.64,0,0.0,60.0
1515744,Waste,5,100.32,66.88,0,0.0,100.32,0,0.0,10.32
1515744,Waste,6,150.0,100.0,0,0.0,150.0,0,0.0,60.0
1515747,Waste,0,58.5,39.0,0,0.0,58.5,0,0.0,0.0
1515747,Waste,1,116.99,78.0,1,83.99,33.01,0,0.0,26.99
1515747,Waste,2,91.5,61.0,0,0.0,91.5,0,0.0,1.5
1515747,Waste,3,150.0,100.0,1,136.02,13.98,0,0.0,60.0
1515747,Waste,4,72.48,48.32,1,39.47,33.01,0,0.0,0.0
1515747,Waste,5,91.5,61.0,0,0.0,91.5,0,0.0,1.5
1515747,Waste,6,150.0,100.0,0,0.0,150.0,0,0.0,60.0
1515755,Compostables,0,46.73,31.15,0,0.0,46.73,0,0.0,0.0
1515755,Compostables,1,93.46,62.3,0,0.0,93.46,0,0.0,3.46
1515755,Compostables,2,140.18,93.46,1,101.93,38.25,0,0.0,50.18
1515755,Compostables,3,84.98,56.65,1,28.43,56.54,0,0.0,0.0
1515755,Compostables,4,103.27,68.85,0,0.0,103.27,0,0.0,13.27
1515755,Compostables,5,150.0,100.0,0,0.0,150.0,0,0.0,60.0
1515755,Compostables,6,196.73,131.15,0,0.0,196.73,1,75.0,106.73
1515758,Compostables,0,45.93,30.62,0,0.0,45.93,0,0.0,0.0
1515758,Compostables,1,91.86,61.24,1,33.72,58.14,0,0.0,1.86
1515758,Compostables,2,104.07,69.38,0,0.0,104.07,0,0.0,14.07
1515758,Compostables,3,150.0,100.0,1,142.12,7.88,0,0.0,60.0
1515758,Compostables,4,53.81,35.87,0,0.0,53.81,0,0.0,0.0
1515758,Compostables,5,99.74,66.49,0,0.0,99.74,0,0.0,9.74
1515758,Compostables,6,145.67,97.11,0,0.0,145.67,0,0.0,55.67
1515759,Compostables,0,59.62,39.74,0,0.0,59.62,0,0.0,0.0
1515759,Compostables,1,119.23,79.49,1,97.25,21.98,0,0.0,29.23
1515759,Compostables,2,81.6,54.4,1,50.84,30.77,0,0.0,0.0
1515759,Compostables,3,90.38,60.26,0,0.0,90.38,0,0.0,0.38
1515759,Compostables,4,150.0,100.0,1,119.23,30.77,0,0.0,60.0
1515759,Compostables,5,90.38,60.26,0,0.0,90.38,0,0.0,0.38
1515759,Compostables,6,150.0,100.0,0,0.0,150.0,0,0.0,60.0
1515785,Compostables,0,49.71,33.14,0,0.0,49.71,0,0.0,0.0
1515785,Compostables,1,59.65,39.77,0,0.0,59.65,0,0.0,0.0
1515785,Compostables,2,69.6,46.4,1,0.0,69.6,0,0.0,0.0
1515785,Compostables,3,79.54,53.03,0,0.0,79.54,0,0.0,0.0
1515785,Compostables,4,89.48,59.65,0,0.0,89.48,0,0.0,0.0
1515785,Compostables,5,99.42,66.28,0,0.0,99.42,0,0.0,9.42
1515785,Compostables,6,109.37,72.91,0,0.0,109.37,0,0.0,19.37
1520924,Compostables,0,50.6,33.73,0,0.0,50.6,0,0.0,0.0
1520924,Compostables,1,60.72,40.48,0,0.0,60.72,0,0.0,0.0
1520924,Compostables,2,70.84,47.23,1,0.0,70.84,0,0.0,0.0
1520924,Compostables,3,80.96,53.97,0,0.0,80.96,0,0.0,0.0
1520924,Compostables,4,91.08,60.72,0,0.0,91.08,0,0.0,1.08
1520924,Compostables,5,101.2,67.47,0,0.0,101.2,0,0.0,11.2
1520924,Compostables,6,111.32,74.22,0,0.0,111.32,0,0.0,21.32
1515715,Compostables,0,65.74,43.83,0,0.0,65.74,0,0.0,0.0
1515715,Compostables,1,87.66,58.44,0,0.0,87.66,0,0.0,0.0
1515715,Compostables,2,109.57,73.05,1,109.57,0.0,0,0.0,19.57
1515715,Compostables,3,21.91,14.61,0,0.0,21.91,0,0.0,0.0
1515715,Compostables,4,43.83,29.22,0,0.0,43.83,0,0.0,0.0
1515715,Compostables,5,65.74,43.83,0,0.0,65.74,0,0.0,0.0
1515715,Compostables,6,87.66,58.44,0,0.0,87.66,0,0.0,0.0
1514024,Waste,0,56.21,37.48,0,0.0,56.21,0,0.0,0.0
1514024,Waste,1,84.32,56.21,0,0.0,84.32,0,0.0,0.0
1514024,Waste,2,112.43,74.95,0,0.0,112.43,0,0.0,22.43
1514024,Waste,3,140.53,93.69,1,74.85,65.68,0,0.0,50.53
1514024,Waste,4,93.79,62.52,0,0.0,93.79,0,0.0,3.79
1514024,Waste,5,121.89,81.26,0,0.0,121.89,0,0.0,31.89
1514024,Waste,6,150.0,100.0,0,0.0,150.0,0,0.0,60.0
1515671,Waste,0,59.52,39.68,0,0.0,59.52,0,0.0,0.0
1515671,Waste,1,89.28,59.52,0,0.0,89.28,0,0.0,0.0
1515671,Waste,2,119.04,79.36,0,0.0,119.04,0,0.0,29.04
1515671,Waste,3,148.79,99.2,1,88.07,60.72,0,0.0,58.79
1515671,Waste,4,90.48,60.32,0,0.0,90.48,0,0.0,0.48
1515671,Waste,5,120.24,80.16,0,0.0,120.24,0,0.0,30.24
1515671,Waste,6,150.0,100.0,0,0.0,150.0,0,0.0,60.0
1515700,Waste,0,47.73,31.82,1,40.9,6.82,0,0.0,0.0
1515700,Waste,1,30.68,20.46,0,0.0,30.68,0,0.0,0.0
1515700,Waste,2,54.55,36.37,0,0.0,54.55,0,0.0,0.0
1515700,Waste,3,78.41,52.27,0,0.0,78.41,0,0.0,0.0
1515700,Waste,4,102.27,68.18,0,0.0,102.27,0,0.0,12.27
1515700,Waste,5,126.14,84.09,0,0.0,126.14,0,0.0,36.14
1515700,Waste,6,150.0,100.0,0,0.0,150.0,0,0.0,60.0
1515714,Compostables,0,46.19,30.79,0,0.0,46.19,0,0.0,0.0
1515714,Compostables,1,69.28,46.19,0,0.0,69.28,0,0.0,0.0
1515714,Compostables,2,92.37,61.58,1,17.37,75.0,0,0.0,2.37
1515714,Compostables,3,98.09,65.4,0,0.0,98.09,0,0.0,8.09
1515714,Compostables,4,121.19,80.79,0,0.0,121.19,0,0.0,31.19
1515714,Compostables,5,144.28,96.19,0,0.0,144.28,0,0.0,54.28
1515714,Compostables,6,167.37,111.58,0,0.0,167.37,1,75.0,77.37
1520913,Waste,0,46.39,30.93,0,0.0,46.39,0,0.0,0.0
1520913,Waste,1,69.59,46.39,1,35.57,34.02,0,0.0,0.0
1520913,Waste,2,57.21,38.14,0,0.0,57.21,0,0.0,0.0
1520913,Waste,3,80.41,53.61,0,0.0,80.41,0,0.0,0.0
1520913,Waste,4,103.61,69.07,0,0.0,103.61,0,0.0,13.61
1520913,Waste,5,126.8,84.54,0,0.0,126.8,0,0.0,36.8
1520913,Waste,6,150.0,100.0,0,0.0,150.0,0,0.0,60.0
2503766,Waste,0,46.25,30.83,0,0.0,46.25,0,0.0,0.0
2503766,Waste,1,69.37,46.25,1,34.98,34.39,0,0.0,0.0
2503766,Waste,2,57.51,38.34,0,0.0,57.51,0,0.0,0.0
2503766,Waste,3,80.63,53.75,0,0.0,80.63,0,0.0,0.0
2503766,Waste,4,103.75,69.17,0,0.0,103.75,0,0.0,13.75
2503766,Waste,5,126.88,84.58,0,0.0,126.88,0,0.0,36.88
2503766,Waste,6,150.0,100.0,0,0.0,150.0,0,0.0,60.0
1515667,Waste,0,41.69,27.79,0,0.0,41.69,0,0.0,0.0
1515667,Waste,1,83.38,55.59,0,0.0,83.38,0,0.0,0.0
1515667,Waste,2,125.08,83.38,1,58.46,66.62,0,0.0,35.08
1515667,Waste,3,108.31,72.21,0,0.0,108.31,0,0.0,18.31
1515667,Waste,4,150.0,100.0,1,83.38,66.62,0,0.0,60.0
1515667,Waste,5,108.31,72.21,0,0.0,108.31,0,0.0,18.31
1515667,Waste,6,150.0,100.0,0,0.0,150.0,0,0.0,60.0
1515685,Compostables,0,38.95,25.97,0,0.0,38.95,0,0.0,0.0
1515685,Compostables,1,77.91,51.94,0,0.0,77.91,0,0.0,0.0
1515685,Compostables,2,116.86,77.91,1,44.77,72.09,0,0.0,26.86
1515685,Compostables,3,111.05,74.03,0,0.0,111.05,0,0.0,21.05
1515685,Compostables,4,150.0,100.0,1,77.91,72.09,0,0.0,60.0
1515685,Compostables,5,111.05,74.03,0,0.0,111.05,0,0.0,21.05
1515685,Compostables,6,150.0,100.0,0,0.0,150.0,0,0.0,60.0
1515718,Compostables,0,30.25,20.16,0,0.0,30.25,0,0.0,0.0
1515718,Compostables,1,60.49,40.33,0,0.0,60.49,0,0.0,0.0
1515718,Compostables,2,90.74,60.49,0,0.0,90.74,0,0.0,0.74
1515718,Compostables,3,120.99,80.66,1,61.73,59.26,0,0.0,30.99
1515718,Compostables,4,89.51,59.67,0,0.0,89.51,0,0.0,0.0
1515718,Compostables,5,119.75,79.84,0,0.0,119.75,0,0.0,29.75
1515718,Compostables,6,150.0,100.0,0,0.0,150.0,0,0.0,60.0
1515783,Waste,0,32.13,21.42,0,0.0,32.13,0,0.0,0.0
1515783,Waste,1,64.25,42.84,0,0.0,64.25,0,0.0,0.0
1515783,Waste,2,96.38,64.25,0,0.0,96.38,0,0.0,6.38
1515783,Waste,3,128.51,85.67,1,74.89,53.62,0,0.0,38.51
1515783,Waste,4,85.75,57.16,0,0.0,85.75,0,0.0,0.0
1515783,Waste,5,117.87,78.58,0,0.0,117.87,0,0.0,27.87
1515783,Waste,6,150.0,100.0,0,0.0,150.0,0,0.0,60.0
1515786,Compostables,0,34.96,23.31,0,0.0,34.96,0,0.0,0.0
1515786,Compostables,1,69.92,46.61,0,0.0,69.92,0,0.0,0.0
1515786,Compostables,2,104.88,69.92,1,94.73,10.16,0,0.0,14.88
1515786,Compostables,3,45.12,30.08,0,0.0,45.12,0,0.0,0.0
1515786,Compostables,4,80.08,53.39,0,0.0,80.08,0,0.0,0.0
1515786,Compostables,5,115.04,76.69,0,0.0,115.04,0,0.0,25.04
1515786,Compostables,6,150.0,100.0,0,0.0,150.0,0,0.0,60.0
1515790,Compostables,0,33.41,22.27,0,0.0,33.41,0,0.0,0.0
1515790,Compostables,1,66.82,44.55,0,0.0,66.82,0,0.0,0.0
1515790,Compostables,2,100.23,66.82,1,83.87,16.36,0,0.0,10.23
1515790,Compostables,3,49.77,33.18,0,0.0,49.77,0,0.0,0.0
1515790,Compostables,4,83.18,55.45,0,0.0,83.18,0,0.0,0.0
1515790,Compostables,5,116.59,77.73,0,0.0,116.59,0,0.0,26.59
1515790,Compostables,6,150.0,100.0,0,0.0,150.0,0,0.0,60.0
1515791,Compostables,0,44.65,29.77,0,0.0,44.65,0,0.0,0.0
1515791,Compostables,1,89.3,59.53,1,28.6,60.7,0,0.0,0.0
1515791,Compostables,2,105.35,70.23,0,0.0,105.35,0,0.0,15.35
1515791,Compostables,3,150.0,100.0,1,133.95,16.05,0,0.0,60.0
1515791,Compostables,4,60.7,40.47,0,0.0,60.7,0,0.0,0.0
1515791,Compostables,5,105.35,70.23,0,0.0,105.35,0,0.0,15.35
1515791,Compostables,6,150.0,100.0,0,0.0,150.0,0,0.0,60.0
2503768,Waste,0,39.21,26.14,1,6.84,32.37,0,0.0,0.0
2503768,Waste,1,71.58,47.72,0,0.0,71.58,0,0.0,0.0
2503768,Waste,2,110.79,73.86,0,0.0,110.79,0,0.0,20.79
2503768,Waste,3,150.0,100.0,1,85.63,64.37,0,0.0,60.0
2503768,Waste,4,103.58,69.06,1,32.0,71.58,0,0.0,13.58
2503768,Waste,5,110.79,73.86,0,0.0,110.79,0,0.0,20.79
2503768,Waste,6,150.0,100.0,0,0.0,150.0,0,0.0,60.0
1514010,Compostables,0,0.0,0.0,0,0.0,0.0,0,0.0,0.0
1514010,Compostables,1,58.34,38.89,0,0.0,58.34,0,0.0,0.0
1514010,Compostables,2,116.68,77.79,1,83.36,33.32,0,0.0,26.68
1514010,Compostables,3,91.66,61.11,0,0.0,91.66,0,0.0,1.66
1514010,Compostables,4,150.0,100.0,1,116.68,33.32,0,0.0,60.0
1514010,Compostables,5,91.66,61.11,0,0.0,91.66,0,0.0,1.66
1514010,Compostables,6,150.0,100.0,0,0.0,150.0,0,0.0,60.0
1515672,Waste,0,0.0,0.0,0,0.0,0.0,0,0.0,0.0
1515672,Waste,1,45.94,30.63,0,0.0,45.94,0,0.0,0.0
1515672,Waste,2,91.88,61.26,0,0.0,91.88,0,0.0,1.88
1515672,Waste,3,137.83,91.88,1,125.65,12.17,0,0.0,47.83
1515672,Waste,4,58.12,38.74,0,0.0,58.12,0,0.0,0.0
1515672,Waste,5,104.06,69.37,0,0.0,104.06,0,0.0,14.06
1515672,Waste,6,150.0,100.0,0,0.0,150.0,0,0.0,60.0
1515694,Waste,0,0.0,0.0,0,0.0,0.0,0,0.0,0.0
1515694,Waste,1,59.48,39.66,1,32.15,27.33,0,0.0,0.0
1515694,Waste,2,86.82,57.88,1,55.79,31.03,0,0.0,0.0
1515694,Waste,3,90.52,60.34,0,0.0,90.52,0,0.0,0.52
1515694,Waste,4,150.0,100.0,1,150.0,0.0,0,0.0,60.0
1515694,Waste,5,59.48,39.66,0,0.0,59.48,0,0.0,0.0
1515694,Waste,6,118.97,79.31,0,0.0,118.97,0,0.0,28.97
1515749,Compostables,0,0.0,0.0,0,0.0,0.0,0,0.0,0.0
1515749,Compostables,1,52.73,35.15,0,0.0,52.73,0,0.0,0.0
1515749,Compostables,2,105.46,70.31,1,60.92,44.54,0,0.0,15.46
1515749,Compostables,3,97.27,64.85,0,0.0,97.27,0,0.0,7.27
1515749,Compostables,4,150.0,100.0,1,105.46,44.54,0,0.0,60.0
1515749,Compostables,5,97.27,64.85,0,0.0,97.27,0,0.0,7.27
1515749,Compostables,6,150.0,100.0,0,0.0,150.0,0,0.0,60.0
1515753,Compostables,0,0.0,0.0,0,0.0,0.0,0,0.0,0.0
1515753,Compostables,1,59.71,39.81,0,0.0,59.71,0,0.0,0.0
1515753,Compostables,2,119.42,79.61,1,88.84,30.58,0,0.0,29.42
1515753,Compostables,3,90.29,60.19,0,0.0,90.29,0,0.0,0.29
1515753,Compostables,4,150.0,100.0,1,80.48,69.52,0,0.0,60.0
1515753,Compostables,5,129.23,86.15,0,0.0,129.23,0,0.0,39.23
1515753,Compostables,6,188.94,125.96,0,0.0,188.94,1,75.0,98.94
1514005,Compostables,0,41.44,27.63,0,0.0,41.44,0,0.0,0.0
1514005,Compostables,1,62.16,41.44,0,0.0,62.16,0,0.0,0.0
1514005,Compostables,2,82.88,55.25,1,82.88,0.0,0,0.0,0.0
1514005,Compostables,3,20.72,13.81,0,0.0,20.72,0,0.0,0.0
1514005,Compostables,4,41.44,27.63,0,0.0,41.44,0,0.0,0.0
1514005,Compostables,5,62.16,41.44,0,0.0,62.16,0,0.0,0.0
1514005,Compostables,6,82.88,55.25,0,0.0,82.88,0,0.0,0.0
1515695,Waste,0,36.56,24.37,0,0.0,36.56,0,0.0,0.0
1515695,Waste,1,54.84,36.56,0,0.0,54.84,0,0.0,0.0
1515695,Waste,2,73.12,48.74,1,0.0,73.12,0,0.0,0.0
1515695,Waste,3,91.4,60.93,0,0.0,91.4,0,0.0,1.4
1515695,Waste,4,109.68,73.12,0,0.0,109.68,0,0.0,19.68
1515695,Waste,5,127.95,85.3,0,0.0,127.95,0,0.0,37.95
1515695,Waste,6,146.23,97.49,0,0.0,146.23,0,0.0,56.23
1515710,Waste,0,44.13,29.42,1,26.51,17.62,0,0.0,0.0
1515710,Waste,1,39.68,26.46,0,0.0,39.68,0,0.0,0.0
1515710,Waste,2,61.75,41.16,0,0.0,61.75,0,0.0,0.0
1515710,Waste,3,83.81,55.87,0,0.0,83.81,0,0.0,0.0
1515710,Waste,4,105.87,70.58,0,0.0,105.87,0,0.0,15.87
1515710,Waste,5,127.94,85.29,0,0.0,127.94,0,0.0,37.94
1515710,Waste,6,150.0,100.0,0,0.0,150.0,0,0.0,60.0
1516548,Waste,0,43.16,28.77,1,22.63,20.53,0,0.0,0.0
1516548,Waste,1,42.11,28.07,0,0.0,42.11,0,0.0,0.0
1516548,Waste,2,63.69,42.46,0,0.0,63.69,0,0.0,0.0
1516548,Waste,3,85.26,56.84,0,0.0,85.26,0,0.0,0.0
1516548,Waste,4,106.84,71.23,0,0.0,106.84,0,0.0,16.84
1516548,Waste,5,128.42,85.61,0,0.0,128.42,0,0.0,38.42
1516548,Waste,6,150.0,100.0,0,0.0,150.0,0,0.0,60.0
1516550,Waste,0,44.97,29.98,0,0.0,44.97,0,0.0,0.0
1516550,Waste,1,67.46,44.97,0,0.0,67.46,0,0.0,0.0
1516550,Waste,2,89.95,59.96,1,14.95,75.0,0,0.0,0.0
1516550,Waste,3,97.49,64.99,1,22.49,75.0,0,0.0,7.49
1516550,Waste,4,97.49,64.99,0,0.0,97.49,0,0.0,7.49
1516550,Waste,5,119.97,79.98,0,0.0,119.97,0,0.0,29.97
1516550,Waste,6,142.46,94.97,0,0.0,142.46,0,0.0,52.46
1516555,Waste,0,36.63,24.42,0,0.0,36.63,0,0.0,0.0
1516555,Waste,1,54.94,36.63,0,0.0,54.94,0,0.0,0.0
1516555,Waste,2,73.25,48.83,0,0.0,73.25,0,0.0,0.0
1516555,Waste,3,91.56,61.04,0,0.0,91.56,0,0.0,1.56
1516555,Waste,4,109.88,73.25,1,34.88,75.0,0,0.0,19.88
1516555,Waste,5,93.31,62.21,0,0.0,93.31,0,0.0,3.31
1516555,Waste,6,111.63,74.42,0,0.0,111.63,0,0.0,21.63
1503624,Waste,0,29.77,19.84,0,0.0,29.77,0,0.0,0.0
1503624,Waste,1,59.53,39.69,0,0.0,59.53,0,0.0,0.0
1503624,Waste,2,89.3,59.53,0,0.0,89.3,0,0.0,0.0
1503624,Waste,3,119.07,79.38,0,0.0,119.07,0,0.0,29.07
1503624,Waste,4,148.84,99.22,1,73.84,75.0,0,0.0,58.84
1503624,Waste,5,104.77,69.84,0,0.0,104.77,0,0.0,14.77
1503624,Waste,6,134.53,89.69,0,0.0,134.53,0,0.0,44.53
1503632,Waste,0,26.22,17.48,0,0.0,26.22,0,0.0,0.0
1503632,Waste,1,52.45,34.97,0,0.0,52.45,0,0.0,0.0
1503632,Waste,2,78.67,52.45,0,0.0,78.67,0,0.0,0.0
1503632,Waste,3,104.9,69.93,0,0.0,104.9,0,0.0,14.9
1503632,Waste,4,131.12,87.41,1,56.12,75.0,0,0.0,41.12
1503632,Waste,5,101.22,67.48,0,0.0,101.22,0,0.0,11.22
1503632,Waste,6,127.45,84.97,0,0.0,127.45,0,0.0,37.45
1503633,Waste,0,24.27,16.18,1,19.92,4.35,0,0.0,0.0
1503633,Waste,1,28.63,19.09,0,0.0,28.63,0,0.0,0.0
1503633,Waste,2,52.9,35.27,0,0.0,52.9,0,0.0,0.0
1503633,Waste,3,77.18,51.45,0,0.0,77.18,0,0.0,0.0
1503633,Waste,4,101.45,67.63,0,0.0,101.45,0,0.0,11.45
1503633,Waste,5,125.73,83.82,0,0.0,125.73,0,0.0,35.73
1503633,Waste,6,150.0,100.0,0,0.0,150.0,0,0.0,60.0
1515678,Waste,0,23.68,15.79,0,0.0,23.68,0,0.0,0.0
1515678,Waste,1,47.36,31.57,0,0.0,47.36,0,0.0,0.0
1515678,Waste,2,71.04,47.36,0,0.0,71.04,0,0.0,0.0
1515678,Waste,3,94.72,63.15,1,19.72,75.0,0,0.0,4.72
1515678,Waste,4,98.68,65.79,0,0.0,98.68,0,0.0,8.68
1515678,Waste,5,122.36,81.57,0,0.0,122.36,0,0.0,32.36
1515678,Waste,6,146.04,97.36,0,0.0,146.04,0,0.0,56.04
1515679,Waste,0,29.05,19.36,0,0.0,29.05,0,0.0,0.0
1515679,Waste,1,58.09,38.73,0,0.0,58.09,0,0.0,0.0
1515679,Waste,2,87.14,58.09,0,0.0,87.14,0,0.0,0.0
1515679,Waste,3,116.19,77.46,1,53.33,62.86,0,0.0,26.19
1515679,Waste,4,91.91,61.27,0,0.0,91.91,0,0.0,1.91
1515679,Waste,5,120.95,80.64,0,0.0,120.95,0,0.0,30.95
1515679,Waste,6,150.0,100.0,0,0.0,150.0,0,0.0,60.0
1515818,Compostables,0,23.99,16.0,0,0.0,23.99,0,0.0,0.0
1515818,Compostables,1,47.99,31.99,1,0.0,47.99,0,0.0,0.0
1515818,Compostables,2,71.98,47.99,1,71.98,0.0,0,0.0,0.0
1515818,Compostables,3,23.99,16.0,0,0.0,23.99,0,0.0,0.0
1515818,Compostables,4,47.99,31.99,0,0.0,47.99,0,0.0,0.0
1515818,Compostables,5,71.98,47.99,0,0.0,71.98,0,0.0,0.0
1515818,Compostables,6,95.97,63.98,0,0.0,95.97,0,0.0,5.97
1516551,Waste,0,22.74,15.16,0,0.0,22.74,0,0.0,0.0
1516551,Waste,1,45.49,30.33,0,0.0,45.49,0,0.0,0.0
1516551,Waste,2,68.23,45.49,0,0.0,68.23,0,0.0,0.0
1516551,Waste,3,90.98,60.65,1,15.98,75.0,0,0.0,0.98
1516551,Waste,4,97.74,65.16,0,0.0,97.74,0,0.0,7.74
1516551,Waste,5,120.49,80.33,0,0.0,120.49,0,0.0,30.49
1516551,Waste,6,143.23,95.49,0,0.0,143.23,0,0.0,53.23
2503761,Compostables,0,27.97,18.65,0,0.0,27.97,0,0.0,0.0
2503761,Compostables,1,55.95,37.3,0,0.0,55.95,0,0.0,0.0
2503761,Compostables,2,83.92,55.95,1,45.82,38.1,0,0.0,0.0
2503761,Compostables,3,66.08,44.05,0,0.0,66.08,0,0.0,0.0
2503761,Compostables,4,94.05,62.7,0,0.0,94.05,0,0.0,4.05
2503761,Compostables,5,122.03,81.35,0,0.0,122.03,0,0.0,32.03
2503761,Compostables,6,150.0,100.0,0,0.0,150.0,0,0.0,60.0
2503765,Waste,0,24.58,16.38,0,0.0,24.58,0,0.0,0.0
2503765,Waste,1,49.15,32.77,0,0.0,49.15,0,0.0,0.0
2503765,Waste,2,73.73,49.15,0,0.0,73.73,0,0.0,0.0
2503765,Waste,3,98.3,65.53,1,23.3,75.0,0,0.0,8.3
2503765,Waste,4,99.58,66.38,0,0.0,99.58,0,0.0,9.58
2503765,Waste,5,124.15,82.77,0,0.0,124.15,0,0.0,34.15
2503765,Waste,6,148.73,99.15,0,0.0,148.73,0,0.0,58.73
1514032,Waste,0,0.0,0.0,0,0.0,0.0,0,0.0,0.0
1514032,Waste,1,36.83,24.55,0,0.0,36.83,0,0.0,0.0
1514032,Waste,2,73.66,49.1,0,0.0,73.66,0,0.0,0.0
1514032,Waste,3,110.49,73.66,1,70.97,39.51,0,0.0,20.49
1514032,Waste,4,76.34,50.9,0,0.0,76.34,0,0.0,0.0
1514032,Waste,5,113.17,75.45,0,0.0,113.17,0,0.0,23.17
1514032,Waste,6,150.0,100.0,0,0.0,150.0,0,0.0,60.0
1515702,Waste,0,0.0,0.0,0,0.0,0.0,0,0.0,0.0
1515702,Waste,1,30.77,20.51,0,0.0,30.77,0,0.0,0.0
1515702,Waste,2,61.54,41.03,0,0.0,61.54,0,0.0,0.0
1515702,Waste,3,92.31,61.54,1,34.62,57.69,0,0.0,2.31
1515702,Waste,4,88.46,58.97,0,0.0,88.46,0,0.0,0.0
1515702,Waste,5,119.23,79.49,0,0.0,119.23,0,0.0,29.23
1515702,Waste,6,150.0,100.0,0,0.0,150.0,0,0.0,60.0
1515780,Waste,0,0.0,0.0,0,0.0,0.0,0,0.0,0.0
1515780,Waste,1,44.74,29.82,0,0.0,44.74,0,0.0,0.0
1515780,Waste,2,89.47,59.65,0,0.0,89.47,0,0.0,0.0
1515780,Waste,3,134.21,89.47,1,118.42,15.79,0,0.0,44.21
1515780,Waste,4,60.53,40.35,0,0.0,60.53,0,0.0,0.0
1515780,Waste,5,105.26,70.18,0,0.0,105.26,0,0.0,15.26
1515780,Waste,6,150.0,100.0,0,0.0,150.0,0,0.0,60.0
1516549,Compostables,0,0.0,0.0,0,0.0,0.0,0,0.0,0.0
1516549,Compostables,1,37.16,24.77,0,0.0,37.16,0,0.0,0.0
1516549,Compostables,2,74.32,49.55,1,72.97,1.35,0,0.0,0.0
1516549,Compostables,3,38.52,25.68,0,0.0,38.52,0,0.0,0.0
1516549,Compostables,4,75.68,50.45,0,0.0,75.68,0,0.0,0.0
1516549,Compostables,5,112.84,75.23,0,0.0,112.84,0,0.0,22.84
1516549,Compostables,6,150.0,100.0,0,0.0,150.0,0,0.0,60.0
500103012,Compostables,0,0.0,0.0,0,0.0,0.0,0,0.0,0.0
500103012,Compostables,1,42.37,28.25,0,0.0,42.37,0,0.0,0.0
500103012,Compostables,2,84.75,56.5,0,0.0,84.75,0,0.0,0.0
500103012,Compostables,3,127.12,84.75,1,61.87,65.25,0,0.0,37.12
500103012,Compostables,4,107.63,71.75,0,0.0,107.63,0,0.0,17.63
500103012,Compostables,5,150.0,100.0,0,0.0,150.0,0,0.0,60.0
500103012,Compostables,6,192.37,128.25,0,0.0,192.37,1,75.0,102.37
1503623,Waste,0,32.77,21.85,0,0.0,32.77,0,0.0,0.0
1503623,Waste,1,43.7,29.13,0,0.0,43.7,0,0.0,0.0
1503623,Waste,2,54.62,36.42,0,0.0,54.62,0,0.0,0.0
1503623,Waste,3,65.55,43.7,0,0.0,65.55,0,0.0,0.0
1503623,Waste,4,76.47,50.98,1,1.47,75.0,0,0.0,0.0
1503623,Waste,5,85.92,57.28,0,0.0,85.92,0,0.0,0.0
1503623,Waste,6,96.85,64.57,0,0.0,96.85,0,0.0,6.85
1503644,Compostables,0,21.52,14.34,0,0.0,21.52,0,0.0,0.0
1503644,Compostables,1,28.69,19.13,0,0.0,28.69,0,0.0,0.0
1503644,Compostables,2,35.86,23.91,0,0.0,35.86,0,0.0,0.0
1503644,Compostables,3,43.03,28.69,0,0.0,43.03,0,0.0,0.0
1503644,Compostables,4,50.2,33.47,1,0.0,50.2,0,0.0,0.0
1503644,Compostables,5,57.38,38.25,0,0.0,57.38,0,0.0,0.0
1503644,Compostables,6,64.55,43.03,0,0.0,64.55,0,0.0,0.0
1514000,Compostables,0,15.85,10.56,0,0.0,15.85,0,0.0,0.0
1514000,Compostables,1,21.13,14.09,0,0.0,21.13,0,0.0,0.0
1514000,Compostables,2,26.41,17.61,0,0.0,26.41,0,0.0,0.0
1514000,Compostables,3,31.69,21.13,0,0.0,31.69,0,0.0,0.0
1514000,Compostables,4,36.98,24.65,1,0.0,36.98,0,0.0,0.0
1514000,Compostables,5,42.26,28.17,0,0.0,42.26,0,0.0,0.0
1514000,Compostables,6,47.54,31.69,0,0.0,47.54,0,0.0,0.0
1514002,Compostables,0,39.29,26.19,0,0.0,39.29,0,0.0,0.0
1514002,Compostables,1,52.39,34.92,0,0.0,52.39,0,0.0,0.0
1514002,Compostables,2,65.48,43.66,1,0.0,65.48,0,0.0,0.0
1514002,Compostables,3,78.58,52.39,0,0.0,78.58,0,0.0,0.0
1514002,Compostables,4,91.68,61.12,0,0.0,91.68,0,0.0,1.68
1514002,Compostables,5,104.77,69.85,0,0.0,104.77,0,0.0,14.77
1514002,Compostables,6,117.87,78.58,0,0.0,117.87,0,0.0,27.87
1514022,Waste,0,41.1,27.4,0,0.0,41.1,0,0.0,0.0
1514022,Waste,1,54.8,36.53,0,0.0,54.8,0,0.0,0.0
1514022,Waste,2,68.5,45.66,0,0.0,68.5,0,0.0,0.0
1514022,Waste,3,82.2,54.8,0,0.0,82.2,0,0.0,0.0
1514022,Waste,4,95.9,63.93,1,20.9,75.0,0,0.0,5.9
1514022,Waste,5,88.7,59.13,0,0.0,88.7,0,0.0,0.0
1514022,Waste,6,102.4,68.27,0,0.0,102.4,0,0.0,12.4
1515669,Waste,0,38.4,25.6,0,0.0,38.4,0,0.0,0.0
1515669,Waste,1,51.2,34.13,0,0.0,51.2,0,0.0,0.0
1515669,Waste,2,64.0,42.67,1,0.0,64.0,0,0.0,0.0
1515669,Waste,3,76.8,51.2,0,0.0,76.8,0,0.0,0.0
1515669,Waste,4,89.6,59.73,0,0.0,89.6,0,0.0,0.0
1515669,Waste,5,102.4,68.27,0,0.0,102.4,0,0.0,12.4
1515669,Waste,6,115.2,76.8,0,0.0,115.2,0,0.0,25.2
1515676,Waste,0,29.73,19.82,0,0.0,29.73,0,0.0,0.0
1515676,Waste,1,39.63,26.42,0,0.0,39.63,0,0.0,0.0
1515676,Waste,2,49.54,33.03,0,0.0,49.54,0,0.0,0.0
1515676,Waste,3,59.45,39.63,0,0.0,59.45,0,0.0,0.0
1515676,Waste,4,69.36,46.24,1,0.0,69.36,0,0.0,0.0
1515676,Waste,5,79.27,52.85,0,0.0,79.27,0,0.0,0.0
1515676,Waste,6,89.18,59.45,0,0.0,89.18,0,0.0,0.0
1515682,Compostables,0,11.25,7.5,0,0.0,11.25,0,0.0,0.0
1515682,Compostables,1,15.0,10.0,0,0.0,15.0,0,0.0,0.0
1515682,Compostables,2,18.75,12.5,0,0.0,18.75,0,0.0,0.0
1515682,Compostables,3,22.5,15.0,0,0.0,22.5,0,0.0,0.0
1515682,Compostables,4,26.25,17.5,1,0.0,26.25,0,0.0,0.0
1515682,Compostables,5,30.0,20.0,0,0.0,30.0,0,0.0,0.0
1515682,Compostables,6,33.75,22.5,0,0.0,33.75,0,0.0,0.0
1515684,Compostables,0,25.34,16.89,0,0.0,25.34,0,0.0,0.0
1515684,Compostables,1,33.78,22.52,0,0.0,33.78,0,0.0,0.0
1515684,Compostables,2,42.23,28.15,0,0.0,42.23,0,0.0,0.0
1515684,Compostables,3,50.67,33.78,0,0.0,50.67,0,0.0,0.0
1515684,Compostables,4,59.12,39.41,1,0.0,59.12,0,0.0,0.0
1515684,Compostables,5,67.56,45.04,0,0.0,67.56,0,0.0,0.0
1515684,Compostables,6,76.01,50.67,0,0.0,76.01,0,0.0,0.0
1515688,Compostables,0,39.22,26.15,0,0.0,39.22,0,0.0,0.0
1515688,Compostables,1,52.3,34.86,0,0.0,52.3,0,0.0,0.0
1515688,Compostables,2,65.37,43.58,1,0.0,65.37,0,0.0,0.0
1515688,Compostables,3,78.44,52.3,0,0.0,78.44,0,0.0,0.0
1515688,Compostables,4,91.52,61.01,0,0.0,91.52,0,0.0,1.52
1515688,Compostables,5,104.59,69.73,0,0.0,104.59,0,0.0,14.59
1515688,Compostables,6,117.67,78.44,0,0.0,117.67,0,0.0,27.67
1515697,Waste,0,44.86,29.91,0,0.0,44.86,0,0.0,0.0
1515697,Waste,1,59.82,39.88,0,0.0,59.82,0,0.0,0.0
1515697,Waste,2,74.77,49.85,1,0.0,74.77,0,0.0,0.0
1515697,Waste,3,89.73,59.82,0,0.0,89.73,0,0.0,0.0
1515697,Waste,4,104.68,69.79,0,0.0,104.68,0,0.0,14.68
1515697,Waste,5,119.64,79.76,0,0.0,119.64,0,0.0,29.64
1515697,Waste,6,134.59,89.73,0,0.0,134.59,0,0.0,44.59
1515721,Bottles/Cans,0,16.51,11.01,0,0.0,16.51,0,0.0,0.0
1515721,Bottles/Cans,1,22.01,14.68,0,0.0,22.01,0,0.0,0.0
1515721,Bottles/Cans,2,27.52,18.34,0,0.0,27.52,0,0.0,0.0
1515721,Bottles/Cans,3,33.02,22.01,0,0.0,33.02,0,0.0,0.0
1515721,Bottles/Cans,4,38.52,25.68,1,5.0,33.52,0,0.0,0.0
1515721,Bottles/Cans,5,39.03,26.02,0,0.0,39.03,0,0.0,0.0
1515721,Bottles/Cans,6,44.53,29.69,0,0.0,44.53,0,0.0,0.0
1515770,Bottles/Cans,0,66.93,44.62,0,0.0,66.93,0,0.0,0.0
1515770,Bottles/Cans,1,89.24,59.49,0,0.0,89.24,0,0.0,0.0
1515770,Bottles/Cans,2,111.54,74.36,0,0.0,111.54,0,0.0,0.0
1515770,Bottles/Cans,3,133.85,89.24,1,133.85,0.0,0,0.0,0.0
1515770,Bottles/Cans,4,22.31,14.87,0,0.0,22.31,0,0.0,0.0
1515770,Bottles/Cans,5,44.62,29.75,0,0.0,44.62,0,0.0,0.0
1515770,Bottles/Cans,6,66.93,44.62,0,0.0,66.93,0,0.0,0.0
1515777,Bottles/Cans,0,51.28,34.19,0,0.0,51.28,0,0.0,0.0
1515777,Bottles/Cans,1,68.37,45.58,0,0.0,68.37,0,0.0,0.0
1515777,Bottles/Cans,2,85.46,56.98,0,0.0,85.46,0,0.0,0.0
1515777,Bottles/Cans,3,102.56,68.37,0,0.0,102.56,0,0.0,0.0
1515777,Bottles/Cans,4,119.65,79.77,1,44.65,75.0,0,0.0,0.0
1515777,Bottles/Cans,5,92.09,61.4,0,0.0,92.09,0,0.0,0.0
1515777,Bottles/Cans,6,109.19,72.79,0,0.0,109.19,0,0.0,0.0
1515778,Bottles/Cans,0,62.18,41.45,0,0.0,62.18,0,0.0,0.0
1515778,Bottles/Cans,1,82.91,55.27,0,0.0,82.91,0,0.0,0.0
1515778,Bottles/Cans,2,103.64,69.09,0,0.0,103.64,0,0.0,0.0
1515778,Bottles/Cans,3,124.36,82.91,0,0.0,124.36,0,0.0,0.0
1515778,Bottles/Cans,4,145.09,96.73,1,70.09,75.0,0,0.0,0.0
1515778,Bottles/Cans,5,95.73,63.82,0,0.0,95.73,0,0.0,0.0
1515778,Bottles/Cans,6,116.45,77.64,0,0.0,116.45,0,0.0,0.0
1516531,Bottles/Cans,0,35.24,23.49,0,0.0,35.24,0,0.0,0.0
1516531,Bottles/Cans,1,46.99,31.32,0,0.0,46.99,0,0.0,0.0
1516531,Bottles/Cans,2,58.73,39.16,0,0.0,58.73,0,0.0,0.0
1516531,Bottles/Cans,3,70.48,46.99,0,0.0,70.48,0,0.0,0.0
1516531,Bottles/Cans,4,82.23,54.82,1,7.23,75.0,0,0.0,0.0
1516531,Bottles/Cans,5,86.75,57.83,0,0.0,86.75,0,0.0,0.0
1516531,Bottles/Cans,6,98.49,65.66,0,0.0,98.49,0,0.0,0.0
1516553,Waste,0,25.96,17.31,0,0.0,25.96,0,0.0,0.0
1516553,Waste,1,34.61,23.08,0,0.0,34.61,0,0.0,0.0
1516553,Waste,2,43.27,28.84,0,0.0,43.27,0,0.0,0.0
1516553,Waste,3,51.92,34.61,0,0.0,51.92,0,0.0,0.0
1516553,Waste,4,60.57,40.38,1,0.0,60.57,0,0.0,0.0
1516553,Waste,5,69.23,46.15,0,0.0,69.23,0,0.0,0.0
1516553,Waste,6,77.88,51.92,0,0.0,77.88,0,0.0,0.0
1520916,Waste,0,30.22,20.15,0,0.0,30.22,0,0.0,0.0
1520916,Waste,1,40.29,26.86,0,0.0,40.29,0,0.0,0.0
1520916,Waste,2,50.37,33.58,0,0.0,50.37,0,0.0,0.0
1520916,Waste,3,60.44,40.29,0,0.0,60.44,0,0.0,0.0
1520916,Waste,4,70.51,47.01,1,0.0,70.51,0,0.0,0.0
1520916,Waste,5,80.59,53.73,0,0.0,80.59,0,0.0,0.0
1520916,Waste,6,90.66,60.44,0,0.0,90.66,0,0.0,0.66
1520923,Compostables,0,16.39,10.93,0,0.0,16.39,0,0.0,0.0
1520923,Compostables,1,21.86,14.57,0,0.0,21.86,0,0.0,0.0
1520923,Compostables,2,27.32,18.22,0,0.0,27.32,0,0.0,0.0
1520923,Compostables,3,32.79,21.86,0,0.0,32.79,0,0.0,0.0
1520923,Compostables,4,38.25,25.5,1,0.0,38.25,0,0.0,0.0
1520923,Compostables,5,43.72,29.15,0,0.0,43.72,0,0.0,0.0
1520923,Compostables,6,49.18,32.79,0,0.0,49.18,0,0.0,0.0
2503760,Compostables,0,13.32,8.88,0,0.0,13.32,0,0.0,0.0
2503760,Compostables,1,17.76,11.84,0,0.0,17.76,0,0.0,0.0
2503760,Compostables,2,22.2,14.8,0,0.0,22.2,0,0.0,0.0
2503760,Compostables,3,26.64,17.76,0,0.0,26.64,0,0.0,0.0
2503760,Compostables,4,31.08,20.72,1,0.0,31.08,0,0.0,0.0
2503760,Compostables,5,35.52,23.68,0,0.0,35.52,0,0.0,0.0
2503760,Compostables,6,39.95,26.64,0,0.0,39.95,0,0.0,0.0
1503628,Waste,0,33.24,22.16,0,0.0,33.24,0,0.0,0.0
1503628,Waste,1,49.86,33.24,0,0.0,49.86,0,0.0,0.0
1503628,Waste,2,66.48,44.32,0,0.0,66.48,0,0.0,0.0
1503628,Waste,3,83.1,55.4,1,19.72,63.38,0,0.0,0.0
1503628,Waste,4,80.0,53.33,1,5.0,75.0,0,0.0,0.0
1503628,Waste,5,91.62,61.08,0,0.0,91.62,0,0.0,1.62
1503628,Waste,6,108.24,72.16,0,0.0,108.24,0,0.0,18.24
1514006,Compostables,0,30.68,20.45,0,0.0,30.68,0,0.0,0.0
1514006,Compostables,1,46.02,30.68,0,0.0,46.02,0,0.0,0.0
1514006,Compostables,2,61.36,40.91,1,61.36,0.0,0,0.0,0.0
1514006,Compostables,3,15.34,10.23,0,0.0,15.34,0,0.0,0.0
1514006,Compostables,4,30.68,20.45,0,0.0,30.68,0,0.0,0.0
1514006,Compostables,5,46.02,30.68,0,0.0,46.02,0,0.0,0.0
1514006,Compostables,6,61.36,40.91,0,0.0,61.36,0,0.0,0.0
1515675,Waste,0,32.06,21.37,0,0.0,32.06,0,0.0,0.0
1515675,Waste,1,48.08,32.06,0,0.0,48.08,0,0.0,0.0
1515675,Waste,2,64.11,42.74,1,0.0,64.11,0,0.0,0.0
1515675,Waste,3,80.14,53.43,0,0.0,80.14,0,0.0,0.0
1515675,Waste,4,96.17,64.11,0,0.0,96.17,0,0.0,6.17
1515675,Waste,5,112.19,74.8,0,0.0,112.19,0,0.0,22.19
1515675,Waste,6,128.22,85.48,0,0.0,128.22,0,0.0,38.22
1520928,Compostables,0,34.65,23.1,0,0.0,34.65,0,0.0,0.0
1520928,Compostables,1,51.98,34.65,0,0.0,51.98,0,0.0,0.0
1520928,Compostables,2,69.31,46.21,1,0.0,69.31,0,0.0,0.0
1520928,Compostables,3,86.64,57.76,0,0.0,86.64,0,0.0,0.0
1520928,Compostables,4,103.96,69.31,0,0.0,103.96,0,0.0,13.96
1520928,Compostables,5,121.29,80.86,0,0.0,121.29,0,0.0,31.29
1520928,Compostables,6,138.62,92.41,0,0.0,138.62,0,0.0,48.62
1515677,Waste,0,22.08,14.72,0,0.0,22.08,0,0.0,0.0
1515677,Waste,1,44.16,29.44,0,0.0,44.16,0,0.0,0.0
1515677,Waste,2,66.25,44.16,0,0.0,66.25,0,0.0,0.0
1515677,Waste,3,88.33,58.89,1,13.33,75.0,0,0.0,0.0
1515677,Waste,4,97.08,64.72,0,0.0,97.08,0,0.0,7.08
1515677,Waste,5,119.16,79.44,0,0.0,119.16,0,0.0,29.16
1515677,Waste,6,141.25,94.16,0,0.0,141.25,0,0.0,51.25
1515681,Waste,0,21.06,14.04,0,0.0,21.06,0,0.0,0.0
1515681,Waste,1,42.12,28.08,0,0.0,42.12,0,0.0,0.0
1515681,Waste,2,63.17,42.12,1,0.0,63.17,0,0.0,0.0
1515681,Waste,3,84.23,56.15,0,0.0,84.23,0,0.0,0.0
1515681,Waste,4,105.29,70.19,0,0.0,105.29,0,0.0,15.29
1515681,Waste,5,126.35,84.23,0,0.0,126.35,0,0.0,36.35
1515681,Waste,6,147.4,98.27,0,0.0,147.4,0,0.0,57.4
1515699,Waste,0,21.41,14.27,0,0.0,21.41,0,0.0,0.0
1515699,Waste,1,42.82,28.55,0,0.0,42.82,0,0.0,0.0
1515699,Waste,2,64.23,42.82,1,0.0,64.23,0,0.0,0.0
1515699,Waste,3,85.64,57.1,0,0.0,85.64,0,0.0,0.0
1515699,Waste,4,107.05,71.37,0,0.0,107.05,0,0.0,17.05
1515699,Waste,5,128.47,85.64,0,0.0,128.47,0,0.0,38.47
1515699,Waste,6,149.88,99.92,0,0.0,149.88,0,0.0,59.88
1516539,Compostables,0,19.01,12.67,0,0.0,19.01,0,0.0,0.0
1516539,Compostables,1,38.02,25.35,0,0.0,38.02,0,0.0,0.0
1516539,Compostables,2,57.04,38.02,0,0.0,57.04,0,0.0,0.0
1516539,Compostables,3,76.05,50.7,1,1.05,75.0,0,0.0,0.0
1516539,Compostables,4,94.01,62.67,0,0.0,94.01,0,0.0,4.01
1516539,Compostables,5,113.02,75.35,0,0.0,113.02,0,0.0,23.02
1516539,Compostables,6,132.04,88.02,0,0.0,132.04,0,0.0,42.04
1514007,Compostables,0,0.0,0.0,0,0.0,0.0,0,0.0,0.0
1514007,Compostables,1,23.85,15.9,0,0.0,23.85,0,0.0,0.0
1514007,Compostables,2,47.7,31.8,0,0.0,47.7,0,0.0,0.0
1514007,Compostables,3,71.56,47.7,1,0.0,71.56,0,0.0,0.0
1514007,Compostables,4,95.41,63.61,0,0.0,95.41,0,0.0,5.41
1514007,Compostables,5,119.26,79.51,0,0.0,119.26,0,0.0,29.26
1514007,Compostables,6,143.11,95.41,0,0.0,143.11,0,0.0,53.11
1514028,Waste,0,0.0,0.0,0,0.0,0.0,0,0.0,0.0
1514028,Waste,1,23.58,15.72,0,0.0,23.58,0,0.0,0.0
1514028,Waste,2,47.15,31.44,0,0.0,47.15,0,0.0,0.0
1514028,Waste,3,70.73,47.15,0,0.0,70.73,0,0.0,0.0
1514028,Waste,4,94.31,62.87,0,0.0,94.31,0,0.0,4.31
1514028,Waste,5,117.88,78.59,0,0.0,117.88,0,0.0,27.88
1514028,Waste,6,141.46,94.31,0,0.0,141.46,0,0.0,51.46
1514029,Waste,0,0.0,0.0,0,0.0,0.0,0,0.0,0.0
1514029,Waste,1,24.83,16.55,0,0.0,24.83,0,0.0,0.0
1514029,Waste,2,49.65,33.1,0,0.0,49.65,0,0.0,0.0
1514029,Waste,3,74.48,49.65,0,0.0,74.48,0,0.0,0.0
1514029,Waste,4,99.3,66.2,0,0.0,99.3,0,0.0,9.3
1514029,Waste,5,124.13,82.75,0,0.0,124.13,0,0.0,34.13
1514029,Waste,6,148.95,99.3,0,0.0,148.95,0,0.0,58.95
1515746,Waste,0,0.0,0.0,0,0.0,0.0,0,0.0,0.0
1515746,Waste,1,25.92,17.28,0,0.0,25.92,0,0.0,0.0
1515746,Waste,2,51.85,34.56,0,0.0,51.85,0,0.0,0.0
1515746,Waste,3,77.77,51.85,1,5.54,72.23,0,0.0,0.0
1515746,Waste,4,98.15,65.44,0,0.0,98.15,0,0.0,8.15
1515746,Waste,5,124.08,82.72,0,0.0,124.08,0,0.0,34.08
1515746,Waste,6,150.0,100.0,0,0.0,150.0,0,0.0,60.0
1503616,Compostables,0,29.59,19.73,0,0.0,29.59,0,0.0,0.0
1503616,Compostables,1,44.39,29.59,0,0.0,44.39,0,0.0,0.0
1503616,Compostables,2,59.18,39.46,0,0.0,59.18,0,0.0,0.0
1503616,Compostables,3,73.98,49.32,1,0.0,73.98,0,0.0,0.0
1503616,Compostables,4,88.77,59.18,0,0.0,88.77,0,0.0,0.0
1503616,Compostables,5,103.57,69.05,0,0.0,103.57,0,0.0,13.57
1503616,Compostables,6,118.37,78.91,0,0.0,118.37,0,0.0,28.37
1503639,Bottles/Cans,0,26.23,17.48,0,0.0,26.23,0,0.0,0.0
1503639,Bottles/Cans,1,39.34,26.23,0,0.0,39.34,0,0.0,0.0
1503639,Bottles/Cans,2,52.45,34.97,0,0.0,52.45,0,0.0,0.0
1503639,Bottles/Cans,3,65.57,43.71,0,0.0,65.57,0,0.0,0.0
1503639,Bottles/Cans,4,78.68,52.45,1,5.0,73.68,0,0.0,0.0
1503639,Bottles/Cans,5,86.79,57.86,0,0.0,86.79,0,0.0,0.0
1503639,Bottles/Cans,6,99.91,66.6,0,0.0,99.91,0,0.0,0.0
1514008,Compostables,0,15.16,10.11,0,0.0,15.16,0,0.0,0.0
1514008,Compostables,1,22.75,15.16,0,0.0,22.75,0,0.0,0.0
1514008,Compostables,2,30.33,20.22,0,0.0,30.33,0,0.0,0.0
1514008,Compostables,3,37.91,25.27,0,0.0,37.91,0,0.0,0.0
1514008,Compostables,4,45.49,30.33,1,0.0,45.49,0,0.0,0.0
1514008,Compostables,5,53.08,35.38,0,0.0,53.08,0,0.0,0.0
1514008,Compostables,6,60.66,40.44,0,0.0,60.66,0,0.0,0.0
1514019,Bottles/Cans,0,29.81,19.87,0,0.0,29.81,0,0.0,0.0
1514019,Bottles/Cans,1,44.72,29.81,0,0.0,44.72,0,0.0,0.0
1514019,Bottles/Cans,2,59.62,39.75,0,0.0,59.62,0,0.0,0.0
1514019,Bottles/Cans,3,74.53,49.69,0,0.0,74.53,0,0.0,0.0
1514019,Bottles/Cans,4,89.43,59.62,1,14.43,75.0,0,0.0,0.0
1514019,Bottles/Cans,5,89.91,59.94,0,0.0,89.91,0,0.0,0.0
1514019,Bottles/Cans,6,104.81,69.87,0,0.0,104.81,0,0.0,0.0
1515701,Waste,0,26.27,17.52,0,0.0,26.27,0,0.0,0.0
1515701,Waste,1,39.41,26.27,0,0.0,39.41,0,0.0,0.0
1515701,Waste,2,52.55,35.03,0,0.0,52.55,0,0.0,0.0
1515701,Waste,3,65.69,43.79,0,0.0,65.69,0,0.0,0.0
1515701,Waste,4,78.82,52.55,1,3.82,75.0,0,0.0,0.0
1515701,Waste,5,88.14,58.76,0,0.0,88.14,0,0.0,0.0
1515701,Waste,6,101.27,67.52,0,0.0,101.27,0,0.0,11.27
1515717,Compostables,0,17.39,11.59,0,0.0,17.39,0,0.0,0.0
1515717,Compostables,1,26.08,17.39,0,0.0,26.08,0,0.0,0.0
1515717,Compostables,2,34.77,23.18,0,0.0,34.77,0,0.0,0.0
1515717,Compostables,3,43.47,28.98,0,0.0,43.47,0,0.0,0.0
1515717,Compostables,4,52.16,34.77,1,0.0,52.16,0,0.0,0.0
1515717,Compostables,5,60.85,40.57,0,0.0,60.85,0,0.0,0.0
1515717,Compostables,6,69.54,46.36,0,0.0,69.54,0,0.0,0.0
1515732,Bottles/Cans,0,29.63,19.76,0,0.0,29.63,0,0.0,0.0
1515732,Bottles/Cans,1,44.45,29.63,0,0.0,44.45,0,0.0,0.0
1515732,Bottles/Cans,2,59.27,39.51,0,0.0,59.27,0,0.0,0.0
1515732,Bottles/Cans,3,74.08,49.39,0,0.0,74.08,0,0.0,0.0
1515732,Bottles/Cans,4,88.9,59.27,1,13.9,75.0,0,0.0,0.0
1515732,Bottles/Cans,5,89.82,59.88,0,0.0,89.82,0,0.0,0.0
1515732,Bottles/Cans,6,104.63,69.76,0,0.0,104.63,0,0.0,0.0
1515752,Compostables,0,20.61,13.74,0,0.0,20.61,0,0.0,0.0
1515752,Compostables,1,30.92,20.61,0,0.0,30.92,0,0.0,0.0
1515752,Compostables,2,41.23,27.49,0,0.0,41.23,0,0.0,0.0
1515752,Compostables,3,51.54,34.36,0,0.0,51.54,0,0.0,0.0
1515752,Compostables,4,61.84,41.23,1,0.0,61.84,0,0.0,0.0
1515752,Compostables,5,72.15,48.1,0,0.0,72.15,0,0.0,0.0
1515752,Compostables,6,82.46,54.97,0,0.0,82.46,0,0.0,0.0
1515754,Compostables,0,15.03,10.02,0,0.0,15.03,0,0.0,0.0
1515754,Compostables,1,22.54,15.03,0,0.0,22.54,0,0.0,0.0
1515754,Compostables,2,30.05,20.04,0,0.0,30.05,0,0.0,0.0
1515754,Compostables,3,37.57,25.05,0,0.0,37.57,0,0.0,0.0
1515754,Compostables,4,45.08,30.05,1,0.0,45.08,0,0.0,0.0
1515754,Compostables,5,52.6,35.06,0,0.0,52.6,0,0.0,0.0
1515754,Compostables,6,60.11,40.07,0,0.0,60.11,0,0.0,0.0
1515756,Compostables,0,29.98,19.98,0,0.0,29.98,0,0.0,0.0
1515756,Compostables,1,44.96,29.98,0,0.0,44.96,0,0.0,0.0
1515756,Compostables,2,59.95,39.97,0,0.0,59.95,0,0.0,0.0
1515756,Compostables,3,74.94,49.96,1,0.0,74.94,0,0.0,0.0
1515756,Compostables,4,89.93,59.95,0,0.0,89.93,0,0.0,0.0
1515756,Compostables,5,104.92,69.94,0,0.0,104.92,0,0.0,14.92
1515756,Compostables,6,119.9,79.94,0,0.0,119.9,0,0.0,29.9
1515789,Compostables,0,19.97,13.31,0,0.0,19.97,0,0.0,0.0
1515789,Compostables,1,29.95,19.97,0,0.0,29.95,0,0.0,0.0
1515789,Compostables,2,39.94,26.63,0,0.0,39.94,0,0.0,0.0
1515789,Compostables,3,49.92,33.28,0,0.0,49.92,0,0.0,0.0
1515789,Compostables,4,59.91,39.94,1,0.0,59.91,0,0.0,0.0
1515789,Compostables,5,69.89,46.59,0,0.0,69.89,0,0.0,0.0
1515789,Compostables,6,79.88,53.25,0,0.0,79.88,0,0.0,0.0
1516541,Compostables,0,13.64,9.09,0,0.0,13.64,0,0.0,0.0
1516541,Compostables,1,20.46,13.64,0,0.0,20.46,0,0.0,0.0
1516541,Compostables,2,27.28,18.19,0,0.0,27.28,0,0.0,0.0
1516541,Compostables,3,34.11,22.74,0,0.0,34.11,0,0.0,0.0
1516541,Compostables,4,40.93,27.28,1,0.0,40.93,0,0.0,0.0
1516541,Compostables,5,47.75,31.83,0,0.0,47.75,0,0.0,0.0
1516541,Compostables,6,54.57,36.38,0,0.0,54.57,0,0.0,0.0
1516544,Compostables,0,19.8,13.2,0,0.0,19.8,0,0.0,0.0
1516544,Compostables,1,29.71,19.8,0,0.0,29.71,0,0.0,0.0
1516544,Compostables,2,39.61,26.41,0,0.0,39.61,0,0.0,0.0
1516544,Compostables,3,49.51,33.01,0,0.0,49.51,0,0.0,0.0
1516544,Compostables,4,59.41,39.61,1,0.0,59.41,0,0.0,0.0
1516544,Compostables,5,69.32,46.21,0,0.0,69.32,0,0.0,0.0
1516544,Compostables,6,79.22,52.81,0,0.0,79.22,0,0.0,0.0
1516545,Compostables,0,17.17,11.45,0,0.0,17.17,0,0.0,0.0
1516545,Compostables,1,25.75,17.17,0,0.0,25.75,0,0.0,0.0
1516545,Compostables,2,34.34,22.89,0,0.0,34.34,0,0.0,0.0
1516545,Compostables,3,42.92,28.61,0,0.0,42.92,0,0.0,0.0
1516545,Compostables,4,51.51,34.34,1,0.0,51.51,0,0.0,0.0
1516545,Compostables,5,60.09,40.06,0,0.0,60.09,0,0.0,0.0
1516545,Compostables,6,68.67,45.78,0,0.0,68.67,0,0.0,0.0
1516547,Waste,0,20.19,13.46,0,0.0,20.19,0,0.0,0.0
1516547,Waste,1,30.29,20.19,0,0.0,30.29,0,0.0,0.0
1516547,Waste,2,40.38,26.92,0,0.0,40.38,0,0.0,0.0
1516547,Waste,3,50.48,33.65,0,0.0,50.48,0,0.0,0.0
1516547,Waste,4,60.57,40.38,1,0.0,60.57,0,0.0,0.0
1516547,Waste,5,70.67,47.11,0,0.0,70.67,0,0.0,0.0
1516547,Waste,6,80.76,53.84,0,0.0,80.76,0,0.0,0.0
2503764,Compostables,0,22.28,14.86,0,0.0,22.28,0,0.0,0.0
2503764,Compostables,1,33.43,22.28,0,0.0,33.43,0,0.0,0.0
2503764,Compostables,2,44.57,29.71,0,0.0,44.57,0,0.0,0.0
2503764,Compostables,3,55.71,37.14,0,0.0,55.71,0,0.0,0.0
2503764,Compostables,4,66.85,44.57,1,0.0,66.85,0,0.0,0.0
2503764,Compostables,5,77.99,51.99,0,0.0,77.99,0,0.0,0.0
2503764,Compostables,6,89.13,59.42,0,0.0,89.13,0,0.0,0.0
1503625,Waste,0,17.77,11.85,0,0.0,17.77,0,0.0,0.0
1503625,Waste,1,35.54,23.69,0,0.0,35.54,0,0.0,0.0
1503625,Waste,2,53.3,35.54,0,0.0,53.3,0,0.0,0.0
1503625,Waste,3,71.07,47.38,0,0.0,71.07,0,0.0,0.0
1503625,Waste,4,88.84,59.23,1,13.84,75.0,0,0.0,0.0
1503625,Waste,5,92.77,61.85,0,0.0,92.77,0,0.0,2.77
1503625,Waste,6,110.54,73.69,0,0.0,110.54,0,0.0,20.54
1515689,Compostables,0,15.21,10.14,0,0.0,15.21,0,0.0,0.0
1515689,Compostables,1,30.42,20.28,0,0.0,30.42,0,0.0,0.0
1515689,Compostables,2,45.63,30.42,0,0.0,45.63,0,0.0,0.0
1515689,Compostables,3,60.85,40.56,1,0.0,60.85,0,0.0,0.0
1515689,Compostables,4,76.06,50.7,0,0.0,76.06,0,0.0,0.0
1515689,Compostables,5,91.27,60.85,0,0.0,91.27,0,0.0,1.27
1515689,Compostables,6,106.48,70.99,0,0.0,106.48,0,0.0,16.48
1515719,Compostables,0,15.05,10.03,0,0.0,15.05,0,0.0,0.0
1515719,Compostables,1,30.09,20.06,0,0.0,30.09,0,0.0,0.0
1515719,Compostables,2,45.14,30.09,0,0.0,45.14,0,0.0,0.0
1515719,Compostables,3,60.19,40.13,0,0.0,60.19,0,0.0,0.0
1515719,Compostables,4,75.24,50.16,1,0.24,75.0,0,0.0,0.0
1515719,Compostables,5,90.05,60.03,0,0.0,90.05,0,0.0,0.05
1515719,Compostables,6,105.09,70.06,0,0.0,105.09,0,0.0,15.09
2503762,Compostables,0,17.11,11.41,0,0.0,17.11,0,0.0,0.0
2503762,Compostables,1,34.22,22.81,0,0.0,34.22,0,0.0,0.0
2503762,Compostables,2,51.33,34.22,0,0.0,51.33,0,0.0,0.0
2503762,Compostables,3,68.44,45.63,1,0.0,68.44,0,0.0,0.0
2503762,Compostables,4,85.55,57.03,0,0.0,85.55,0,0.0,0.0
2503762,Compostables,5,102.66,68.44,0,0.0,102.66,0,0.0,12.66
2503762,Compostables,6,119.77,79.85,0,0.0,119.77,0,0.0,29.77
1514030,Waste,0,0.0,0.0,0,0.0,0.0,0,0.0,0.0
1514030,Waste,1,20.06,13.37,0,0.0,20.06,0,0.0,0.0
1514030,Waste,2,40.11,26.74,0,0.0,40.11,0,0.0,0.0
1514030,Waste,3,60.17,40.11,0,0.0,60.17,0,0.0,0.0
1514030,Waste,4,80.22,53.48,0,0.0,80.22,0,0.0,0.0
1514030,Waste,5,100.28,66.85,0,0.0,100.28,0,0.0,10.28
1514030,Waste,6,120.33,80.22,0,0.0,120.33,0,0.0,30.33
1516557,Waste,0,0.0,0.0,0,0.0,0.0,0,0.0,0.0
1516557,Waste,1,18.05,12.03,0,0.0,18.05,0,0.0,0.0
1516557,Waste,2,36.1,24.06,0,0.0,36.1,0,0.0,0.0
1516557,Waste,3,54.14,36.1,0,0.0,54.14,0,0.0,0.0
1516557,Waste,4,72.19,48.13,0,0.0,72.19,0,0.0,0.0
1516557,Waste,5,90.24,60.16,0,0.0,90.24,0,0.0,0.24
1516557,Waste,6,108.29,72.19,0,0.0,108.29,0,0.0,18.29
1514017,Bottles/Cans,0,22.85,15.23,0,0.0,22.85,0,0.0,0.0
1514017,Bottles/Cans,1,45.69,30.46,0,0.0,45.69,0,0.0,0.0
1514017,Bottles/Cans,2,68.54,45.69,0,0.0,68.54,0,0.0,0.0
1514017,Bottles/Cans,3,91.38,60.92,0,0.0,91.38,0,0.0,0.0
1514017,Bottles/Cans,4,114.23,76.15,1,39.23,75.0,0,0.0,0.0
1514017,Bottles/Cans,5,97.85,65.23,0,0.0,97.85,0,0.0,0.0
1514017,Bottles/Cans,6,120.69,80.46,0,0.0,120.69,0,0.0,0.0
1515686,Compostables,0,14.98,9.99,0,0.0,14.98,0,0.0,0.0
1515686,Compostables,1,29.97,19.98,0,0.0,29.97,0,0.0,0.0
1515686,Compostables,2,44.95,29.97,0,0.0,44.95,0,0.0,0.0
1515686,Compostables,3,59.94,39.96,0,0.0,59.94,0,0.0,0.0
1515686,Compostables,4,74.92,49.95,1,0.0,74.92,0,0.0,0.0
1515686,Compostables,5,89.91,59.94,0,0.0,89.91,0,0.0,0.0
1515686,Compostables,6,104.89,69.93,0,0.0,104.89,0,0.0,14.89
1515741,Waste,0,8.26,5.5,0,0.0,8.26,0,0.0,0.0
1515741,Waste,1,16.51,11.01,0,0.0,16.51,0,0.0,0.0
1515741,Waste,2,24.77,16.51,0,0.0,24.77,0,0.0,0.0
1515741,Waste,3,33.03,22.02,0,0.0,33.03,0,0.0,0.0
1515741,Waste,4,41.29,27.52,1,0.0,41.29,0,0.0,0.0
1515741,Waste,5,49.54,33.03,0,0.0,49.54,0,0.0,0.0
1515741,Waste,6,57.8,38.53,0,0.0,57.8,0,0.0,0.0
1515769,Bottles/Cans,0,20.27,13.51,0,0.0,20.27,0,0.0,0.0
1515769,Bottles/Cans,1,40.53,27.02,0,0.0,40.53,0,0.0,0.0
1515769,Bottles/Cans,2,60.8,40.53,0,0.0,60.8,0,0.0,0.0
1515769,Bottles/Cans,3,81.07,54.05,0,0.0,81.07,0,0.0,0.0
1515769,Bottles/Cans,4,101.34,67.56,1,26.34,75.0,0,0.0,0.0
1515769,Bottles/Cans,5,95.27,63.51,0,0.0,95.27,0,0.0,0.0
1515769,Bottles/Cans,6,115.53,77.02,0,0.0,115.53,0,0.0,0.0
1516542,Compostables,0,7.42,4.95,0,0.0,7.42,0,0.0,0.0
1516542,Compostables,1,14.84,9.89,0,0.0,14.84,0,0.0,0.0
1516542,Compostables,2,22.26,14.84,0,0.0,22.26,0,0.0,0.0
1516542,Compostables,3,29.68,19.78,0,0.0,29.68,0,0.0,0.0
1516542,Compostables,4,37.09,24.73,1,0.0,37.09,0,0.0,0.0
1516542,Compostables,5,44.51,29.68,0,0.0,44.51,0,0.0,0.0
1516542,Compostables,6,51.93,34.62,0,0.0,51.93,0,0.0,0.0
1520911,Waste,0,3.95,2.63,0,0.0,3.95,0,0.0,0.0
1520911,Waste,1,7.9,5.26,0,0.0,7.9,0,0.0,0.0
1520911,Waste,2,11.84,7.9,0,0.0,11.84,0,0.0,0.0
1520911,Waste,3,15.79,10.53,0,0.0,15.79,0,0.0,0.0
1520911,Waste,4,19.74,13.16,1,0.0,19.74,0,0.0,0.0
1520911,Waste,5,23.69,15.79,0,0.0,23.69,0,0.0,0.0
1520911,Waste,6,27.63,18.42,0,0.0,27.63,0,0.0,0.0
1520914,Waste,0,5.42,3.62,0,0.0,5.42,0,0.0,0.0
1520914,Waste,1,10.85,7.23,0,0.0,10.85,0,0.0,0.0
1520914,Waste,2,16.27,10.85,0,0.0,16.27,0,0.0,0.0
1520914,Waste,3,21.69,14.46,0,0.0,21.69,0,0.0,0.0
1520914,Waste,4,27.11,18.08,1,0.0,27.11,0,0.0,0.0
1520914,Waste,5,32.54,21.69,0,0.0,32.54,0,0.0,0.0
1520914,Waste,6,37.96,25.31,0,0.0,37.96,0,0.0,0.0
1520917,Waste,0,12.19,8.13,0,0.0,12.19,0,0.0,0.0
1520917,Waste,1,24.38,16.26,0,0.0,24.38,0,0.0,0.0
1520917,Waste,2,36.58,24.38,0,0.0,36.58,0,0.0,0.0
1520917,Waste,3,48.77,32.51,0,0.0,48.77,0,0.0,0.0
1520917,Waste,4,60.96,40.64,1,0.0,60.96,0,0.0,0.0
1520917,Waste,5,73.15,48.77,0,0.0,73.15,0,0.0,0.0
1520917,Waste,6,85.35,56.9,0,0.0,85.35,0,0.0,0.0
1514009,Compostables,0,0.0,0.0,0,0.0,0.0,0,0.0,0.0
1514009,Compostables,1,17.13,11.42,0,0.0,17.13,0,0.0,0.0
1514009,Compostables,2,34.26,22.84,0,0.0,34.26,0,0.0,0.0
1514009,Compostables,3,51.39,34.26,0,0.0,51.39,0,0.0,0.0
1514009,Compostables,4,68.52,45.68,1,0.0,68.52,0,0.0,0.0
1514009,Compostables,5,85.65,57.1,0,0.0,85.65,0,0.0,0.0
1514009,Compostables,6,102.78,68.52,0,0.0,102.78,0,0.0,12.78
1514011,Bottles/Cans,0,0.0,0.0,0,0.0,0.0,0,0.0,0.0
1514011,Bottles/Cans,1,4.28,2.85,0,0.0,4.28,0,0.0,0.0
1514011,Bottles/Cans,2,8.55,5.7,0,0.0,8.55,0,0.0,0.0
1514011,Bottles/Cans,3,12.83,8.55,0,0.0,12.83,0,0.0,0.0
1514011,Bottles/Cans,4,17.11,11.4,0,0.0,17.11,0,0.0,0.0
1514011,Bottles/Cans,5,21.38,14.26,0,0.0,21.38,0,0.0,0.0
1514011,Bottles/Cans,6,25.66,17.11,0,0.0,25.66,0,0.0,0.0
1514016,Bottles/Cans,0,0.0,0.0,0,0.0,0.0,0,0.0,0.0
1514016,Bottles/Cans,1,15.05,10.03,0,0.0,15.05,0,0.0,0.0
1514016,Bottles/Cans,2,30.09,20.06,0,0.0,30.09,0,0.0,0.0
1514016,Bottles/Cans,3,45.14,30.09,0,0.0,45.14,0,0.0,0.0
1514016,Bottles/Cans,4,60.18,40.12,0,0.0,60.18,0,0.0,0.0
1514016,Bottles/Cans,5,75.23,50.15,0,0.0,75.23,0,0.0,0.0
1514016,Bottles/Cans,6,90.27,60.18,0,0.0,90.27,0,0.0,0.0
1515691,Compostables,0,0.0,0.0,0,0.0,0.0,0,0.0,0.0
1515691,Compostables,1,7.63,5.09,0,0.0,7.63,0,0.0,0.0
1515691,Compostables,2,15.27,10.18,0,0.0,15.27,0,0.0,0.0
1515691,Compostables,3,22.9,15.27,0,0.0,22.9,0,0.0,0.0
1515691,Compostables,4,30.54,20.36,1,0.0,30.54,0,0.0,0.0
1515691,Compostables,5,38.17,25.45,0,0.0,38.17,0,0.0,0.0
1515691,Compostables,6,45.8,30.54,0,0.0,45.8,0,0.0,0.0
1515720,Bottles/Cans,0,0.0,0.0,0,0.0,0.0,0,0.0,0.0
1515720,Bottles/Cans,1,7.49,4.99,0,0.0,7.49,0,0.0,0.0
1515720,Bottles/Cans,2,14.97,9.98,0,0.0,14.97,0,0.0,0.0
1515720,Bottles/Cans,3,22.46,14.97,0,0.0,22.46,0,0.0,0.0
1515720,Bottles/Cans,4,29.95,19.97,0,0.0,29.95,0,0.0,0.0
1515720,Bottles/Cans,5,37.44,24.96,0,0.0,37.44,0,0.0,0.0
1515720,Bottles/Cans,6,44.92,29.95,0,0.0,44.92,0,0.0,0.0
1515724,Bottles/Cans,0,0.0,0.0,0,0.0,0.0,0,0.0,0.0
1515724,Bottles/Cans,1,26.11,17.41,0,0.0,26.11,0,0.0,0.0
1515724,Bottles/Cans,2,52.23,34.82,0,0.0,52.23,0,0.0,0.0
1515724,Bottles/Cans,3,78.34,52.23,0,0.0,78.34,0,0.0,0.0
1515724,Bottles/Cans,4,104.46,69.64,1,29.46,75.0,0,0.0,0.0
1515724,Bottles/Cans,5,101.11,67.41,0,0.0,101.11,0,0.0,0.0
1515724,Bottles/Cans,6,127.23,84.82,0,0.0,127.23,0,0.0,0.0
1515728,Bottles/Cans,0,0.0,0.0,0,0.0,0.0,0,0.0,0.0
1515728,Bottles/Cans,1,15.54,10.36,0,0.0,15.54,0,0.0,0.0
1515728,Bottles/Cans,2,31.09,20.73,0,0.0,31.09,0,0.0,0.0
1515728,Bottles/Cans,3,46.63,31.09,0,0.0,46.63,0,0.0,0.0
1515728,Bottles/Cans,4,62.18,41.45,0,0.0,62.18,0,0.0,0.0
1515728,Bottles/Cans,5,77.72,51.81,0,0.0,77.72,0,0.0,0.0
1515728,Bottles/Cans,6,93.27,62.18,0,0.0,93.27,0,0.0,0.0
1515733,Bottles/Cans,0,0.0,0.0,0,0.0,0.0,0,0.0,0.0
1515733,Bottles/Cans,1,7.92,5.28,0,0.0,7.92,0,0.0,0.0
1515733,Bottles/Cans,2,15.85,10.57,0,0.0,15.85,0,0.0,0.0
1515733,Bottles/Cans,3,23.77,15.85,0,0.0,23.77,0,0.0,0.0
1515733,Bottles/Cans,4,31.7,21.13,0,0.0,31.7,0,0.0,0.0
1515733,Bottles/Cans,5,39.62,26.41,0,0.0,39.62,0,0.0,0.0
1515733,Bottles/Cans,6,47.55,31.7,0,0.0,47.55,0,0.0,0.0
1515763,Bottles/Cans,0,0.0,0.0,0,0.0,0.0,0,0.0,0.0
1515763,Bottles/Cans,1,9.96,6.64,0,0.0,9.96,0,0.0,0.0
1515763,Bottles/Cans,2,19.92,13.28,0,0.0,19.92,0,0.0,0.0
1515763,Bottles/Cans,3,29.87,19.92,0,0.0,29.87,0,0.0,0.0
1515763,Bottles/Cans,4,39.83,26.55,0,0.0,39.83,0,0.0,0.0
1515763,Bottles/Cans,5,49.79,33.19,0,0.0,49.79,0,0.0,0.0
1515763,Bottles/Cans,6,59.75,39.83,0,0.0,59.75,0,0.0,0.0
1515767,Bottles/Cans,0,0.0,0.0,0,0.0,0.0,0,0.0,0.0
1515767,Bottles/Cans,1,20.82,13.88,0,0.0,20.82,0,0.0,0.0
1515767,Bottles/Cans,2,41.63,27.75,0,0.0,41.63,0,0.0,0.0
1515767,Bottles/Cans,3,62.45,41.63,0,0.0,62.45,0,0.0,0.0
1515767,Bottles/Cans,4,83.26,55.51,0,0.0,83.26,0,0.0,0.0
1515767,Bottles/Cans,5,104.08,69.38,0,0.0,104.08,0,0.0,0.0
1515767,Bottles/Cans,6,124.89,83.26,0,0.0,124.89,0,0.0,0.0
1515774,Bottles/Cans,0,0.0,0.0,0,0.0,0.0,0,0.0,0.0
1515774,Bottles/Cans,1,16.98,11.32,0,0.0,16.98,0,0.0,0.0
1515774,Bottles/Cans,2,33.95,22.64,0,0.0,33.95,0,0.0,0.0
1515774,Bottles/Cans,3,50.93,33.95,0,0.0,50.93,0,0.0,0.0
1515774,Bottles/Cans,4,67.91,45.27,0,0.0,67.91,0,0.0,0.0
1515774,Bottles/Cans,5,84.88,56.59,0,0.0,84.88,0,0.0,0.0
1515774,Bottles/Cans,6,101.86,67.91,0,0.0,101.86,0,0.0,0.0
1515779,Bottles/Cans,0,0.0,0.0,0,0.0,0.0,0,0.0,0.0
1515779,Bottles/Cans,1,24.0,16.0,0,0.0,24.0,0,0.0,0.0
1515779,Bottles/Cans,2,48.01,32.0,0,0.0,48.01,0,0.0,0.0
1515779,Bottles/Cans,3,72.01,48.01,0,0.0,72.01,0,0.0,0.0
1515779,Bottles/Cans,4,96.01,64.01,0,0.0,96.01,0,0.0,0.0
1515779,Bottles/Cans,5,120.02,80.01,0,0.0,120.02,0,0.0,0.0
1515779,Bottles/Cans,6,144.02,96.01,0,0.0,144.02,0,0.0,0.0
500103011,Bottles/Cans,0,0.0,0.0,0,0.0,0.0,0,0.0,0.0
500103011,Bottles/Cans,1,55.07,36.72,1,15.22,39.85,0,0.0,0.0
500103011,Bottles/Cans,2,94.93,63.28,0,0.0,94.93,0,0.0,0.0
500103011,Bottles/Cans,3,150.0,100.0,1,150.0,0.0,0,0.0,0.0
500103011,Bottles/Cans,4,55.07,36.72,1,55.07,0.0,0,0.0,0.0
500103011,Bottles/Cans,5,55.07,36.72,0,0.0,55.07,0,0.0,0.0
500103011,Bottles/Cans,6,110.15,73.43,0,0.0,110.15,0,0.0,0.0
